OWMLat,OWMLon
48.833328,2.48333
-7.0164,108.394699
51.150002,10.45
27.70178,103.248062
49.71917,8.58056
44.25,4.83333
41.476109,22.567499
51.333328,10.03333
49.833328,6.38278
-38.0,147.399994
40.830711,14.33763
29.023199,120.182037
14.8,-89.550003
53.952782,-7.43333
-33.63203,150.412933
46.616669,22.466669
48.473492,11.21944
50.184978,7.33947
41.5,25.316669
43.687241,10.58111
50.51667,10.75
50.283329,11.06667
49.31633,-124.31945
20.783331,-103.48333
48.48333,0.46667000000000003
56.666672,16.366671
51.25,13.13333
-7.1127,107.095901
-7.0381,107.937897
49.200001,-0.6000000000000001
50.566761,-105.584457
48.75,-0.16667
53.799999,13.8333
32.083328,34.916672
49.180302,9.321110000000001
48.283329,7.75
40.605068,-77.725548
50.349998,9.16667
46.74004,-1.60834
48.729328,9.61175
52.850029,-102.384247
50.116699,6.4833300000000005
10.74655,123.529999
54.066669,9.43333
41.545719,13.51473
-32.821861,-59.239262
47.351028,8.24105
46.137218,28.01306
49.02943,8.36643
48.599232,9.49146
45.656391,40.765282
-37.824841,145.046402
12.36667,123.616669
51.48333,9.78333
48.869301,1.07458
44.624538,-0.21904
46.775059,10.20228
43.558552,12.42095
40.322021,-78.69696
48.466671,10.51667
42.159981,2.91028
13.30867,7.15602
13.7463,32.499599
47.22419,8.26408
32.722569,-110.640648
45.849998,25.933331
-7.585,108.473396
49.237331,106.430054
-3.78583,-38.561668
26.12306,83.868889
38.040089,70.474716
41.401279,-8.36888
50.696129,11.53788
48.799999,0.46667000000000003
42.451389,141.173065
54.183331,10.06667
50.133301,6.95
52.283329,14.0
59.780361,10.49883
50.066669,7.45
40.175831,44.018608
42.105869,-84.248283
51.700562,70.999443
-8.0811,112.291199
22.486099,90.060898
32.35265,-90.877876
42.960949,13.48768
39.988979,-7.44557
-20.237221,57.7775
-18.65,-173.983337
-6.806,111.460503
56.400002,38.716671
39.30394,-85.77137
32.70018,51.52113
52.933331,36.666672
39.522831,-5.11407
-6.86433,106.106911
47.0,2.01667
-6.7864,106.427803
44.20472,17.85639
38.065762,-120.276863
48.583328,11.1
53.2201,26.400999
41.062099,-5.46647
51.58432,13.1745
50.290001,8.515
40.23093,-75.522118
40.75523,17.3265
41.541019,-8.55646
-8.8044,121.218002
53.566669,9.85
40.459942,-7.75975
51.438789,-2.00571
42.10704,-72.620369
45.495392,2.84913
41.345589,-88.842583
47.0,2.45
40.805241,-1.0775
47.107769,7.84642
54.216702,9.15
45.54528,18.28583
-34.98597,-61.773651
35.41806,139.255554
47.066341,8.3018
32.685669,68.238007
9.78128,-69.1633
45.53199,11.4785
47.283329,26.48333
40.320099,-75.610184
54.231232,28.50485
-34.450001,140.566666
51.361069,-1.54922
51.066669,14.5
49.847221,8.31667
50.151329,18.836889
41.762691,-3.01243
51.716671,14.08333
18.21162,-65.734879
45.136169,10.02797
46.033409,-74.065872
41.08754,-5.5088799999999996
50.333328,7.66667
-5.45206,105.264122
50.133301,7.58333
24.68293,88.159752
50.98333,13.83333
45.666672,4.71667
30.77545,118.254761
31.73357,44.314999
54.799701999999996,11.62599
51.116699,11.0
42.039268,3.0391
29.12122,71.744591
43.583328,0.6666700000000001
10.75,-75.0
38.977951,-122.839439
48.299999,11.05
42.362221,-3.92933
50.849991,-101.717628
-25.300659,-57.63591
50.150002,7.78333
49.545799,8.30778
41.688492,-3.47863
50.833328,4.5
46.87431,15.77215
40.13512,33.08614
53.26667,-2.5
33.586491,-86.021637
43.299999,-8.53333
45.96722,18.51833
-32.349998,-57.200001
-7.6231,108.1064
41.825218,12.970790000000001
40.453281,-5.66705
50.186821,14.45749
42.20578,-7.73706
46.617161,20.04357
37.907398,112.557739
42.27113,-89.094002
47.183331,11.41667
40.614208,15.05785
-8.6365,116.4282
54.76667,9.78333
42.774368,-4.16756
33.632332,-92.76683
41.994362,-5.34738
51.075001,4.28999
45.93528,20.525
48.499691,0.23263000000000003
14.51667,-88.900002
25.549999,83.183327
-5.2,-80.633331
52.566002,78.938499
38.729401,0.10383
41.928329,22.97361
52.366699,10.5333
48.73333,15.11667
52.63723,13.98783
41.166672,45.166672
35.25,44.166672
47.813961,15.29537
52.102161,21.01856
41.486359,-8.53307
44.950001,-0.23333
41.289669,13.24127
10.61667,104.183327
49.559929,0.1839
53.866699,14.2
-35.23333,146.716675
55.467369,-60.20319
18.044689,-65.907379
54.166698,8.86667
38.535751,68.779053
50.466671,10.85
46.77676,9.18802
54.583328,9.05
49.433331,10.8
49.501499,5.7807
27.45632,116.172058
30.608681,120.982857
40.604252,-7.76115
8.4975,-71.360832
49.747211,3.07301
48.799622,2.99607
47.139759,39.505459
52.361279,-2.00521
-10.82696,15.03197
-6.3441,106.066597
39.027611,-78.280563
30.033001,112.852562
47.416672,10.58333
30.899731,121.725952
50.783298,7.83333
42.660591,-84.073013
55.349998,-1.61667
26.339239,-80.187553
-34.50732,-58.565811
41.299999,25.308331
17.520821,121.775551
48.69434,-0.6844800000000001
43.23418,-86.24839
7.03222,122.161392
44.408958,-70.033669
47.560638,9.18815
49.73333,6.85
15.61576,43.702278
38.154911,-0.89534
51.849998,11.53333
48.53466,-4.72545
45.355381,9.93097
32.24139,119.95639
35.246471,-92.936562
-24.68667,33.53056
49.684959,20.34325
46.108471,6.59077
43.316669,26.116671
61.833328,22.66667
48.0,23.316669
46.293331,15.30333
55.40778,37.524719
39.961441,44.544472
36.410431,28.16552
39.465691,-0.46005
52.857498,103.171944
41.546902,1.11569
45.550110000000004,-78.58287
12.1717,102.39489
47.166672,16.1
52.75972,-3.45812
40.27948,-86.510841
50.599998,7.53333
-3.9937,119.812202
45.89225,2.8638
21.700001,76.216667
49.11528,8.03417
43.754799,-71.396744
46.083328,91.566673
16.33333,120.5
49.349998,7.51667
36.706981999999996,-97.085587
48.166672,-1.5
48.44429,14.34411
14.90667,120.899437
53.950001,10.3833
50.76667,10.45
51.346030999999996,-2.9766500000000002
53.349998,11.35
-31.763901,-61.31982
25.121941,51.21833
50.114891,3.2088900000000002
44.605556,39.614723
45.533329,3.13333
-29.613609,-50.924999
-28.417789,-59.30212
49.153141,-0.5741200000000001
39.683331,-8.95
55.461388,37.935001
46.0,5.28333
45.76458,8.94354
42.870682,-2.22954
51.382389,1.33673
53.683331,8.88333
43.23333,-0.30000000000000004
51.633331,13.11667
55.950001,12.81667
44.01833,15.5175
54.76667,9.21667
43.79137,-89.319839
23.73209,113.011269
47.650002,7.78333
29.02894,109.240593
48.054379,-1.78571
43.91341,3.9992
48.048759,-1.8643800000000001
4.92614,-74.172989
-21.18778,-48.786942
41.789841,-2.19488
49.228062,11.11806
14.31667,-87.683327
46.533329,3.18333
57.056946,40.959999
49.549999,7.36667
42.281231,12.81358
42.432781,25.641939
13.99417,-89.559723
12.5717,14.46662
41.088711,-74.013474
46.799999,1.35
13.99111,122.528893
48.096889,0.15534
53.963058,58.39806
54.48,40.259998
36.854778,-5.32334
50.717602,5.35043
39.778801,16.156679
42.316151,0.7463200000000001
36.55431,107.574982
13.0,122.0
46.072701,10.89737
48.34507,14.44204
14.96667,-91.800003
25.950001,83.550003
33.304279,-96.986122
49.385319,-99.24472
49.900002,11.9
41.9771,1.25399
37.91576,-122.311638
-8.60988,116.222221
42.74424,-1.92278
57.039101,24.174129
19.25,-99.550003
43.647968,3.79864
9.7392,-64.549599
-8.6898,116.550598
42.494678,-107.827301
55.0,-1.61667
11.13417,2.93861
8.25,-80.550003
38.299999,21.783331
51.32444,-2.47917
-8.1677,113.6259
49.793331,41.146671
38.244438,21.73444
37.86245,-6.7238500000000005
33.119209,-117.086418
40.55307,-5.35398
40.20977,-85.49247
41.610592,-87.064201
40.268551,-1.16025
52.066799,-108.00135
54.650002,9.48333
28.16667,-17.33333
46.721611,-92.459358
35.95694,139.388885
46.567471,0.6492800000000001
24.02553,113.068832
39.290581,-8.51977
43.620419,1.2854
53.583328,9.25
11.18833,124.782501
-6.8114,111.811699
45.619759,8.08742
32.609859,-85.480782
37.816669,140.550003
44.880829,18.426941
12.9821,124.141502
-8.91666,13.33924
50.370361,3.3591800000000003
-38.23333,143.149994
-34.939491,138.737076
10.4179,122.887001
27.41667,77.816673
47.690121,8.49981
56.842781,62.711109
47.95961,-2.43933
49.616669,7.55
-32.0,115.75
46.739841,7.02746
65.031639,-14.21832
50.24987,-117.802261
52.72377,-4.05748
41.064529,39.143799
-6.9816,109.140701
56.042389,-4.3684
42.814449,-89.635117
44.77457,-122.615089
44.967281,2.19393
-28.72361,-51.70472
52.01667,11.31667
38.066719,-89.850098
42.956108,128.527222
57.49807,14.14842
36.903069,-106.579483
7.3915,-73.495743
54.333439,-114.768867
50.73333,5.7
43.512501,16.251671
62.216671,135.800003
34.748081,109.17968
9.5,35.5
55.7225,38.463612
6.87083,-10.81722
41.628731,-5.47931
38.760159,-2.97073
38.061459,-0.894
38.90493,-9.04289
52.959438,63.12056
40.747261,-88.514778
47.583302,10.3
20.66667,78.48333
-31.950001,-57.883331
44.12722,12.17694
-8.6995,118.799103
15.75,120.300003
3.7833300000000003,11.38333
56.116669,38.883331
23.01667,71.183327
44.883331,35.099998
48.700001,-3.76667
42.933331,-0.58333
18.101629,-66.572388
28.551661,115.624786
-3.5272,29.7034
46.816109,134.259995
41.560768,2.39533
43.533329,25.35
25.47496,115.522743
49.066669,-0.6833300000000001
39.026279,-122.671928
-6.344,106.0289
42.15303,-7.9551300000000005
38.745941,34.62524
45.727539,3.42596
40.02779,44.482521
45.083328,25.383329
50.02824,45.45953
-8.6469,122.205803
51.383331,7.4
41.678429,14.33722
44.971329,127.461166
47.231998,7.65448
51.099998,5.78333
32.835049,-116.766411
16.73333,77.98333
-37.799999,-73.400002
42.983608,132.404724
-22.219999,-47.625832
53.572941,18.01123
42.33691,-3.79329
53.099998,8.85
9.70383,124.048286
50.783329,7.06667
48.966671,6.3
4.35342,-73.711472
53.25,9.38333
47.749168,28.962219
46.049999,20.866671
38.407101,-2.60856
48.774132,2.01781
45.409439,13.96667
-14.16417,-39.373611
49.427502,8.34361
20.4,78.133331
26.545,117.842781
41.778091,-87.761719
40.713421,-0.8295800000000001
46.73333,15.61667
50.23333,6.46667
-32.989601,151.636414
45.791618,-97.750938
45.133331,27.450001
54.366669,13.63333
35.036671,32.426392
38.134129,-6.86675
48.533329,11.51667
6.8905,79.901497
44.33783,-72.756233
-3.36667,36.849998
62.416672,26.0
47.849998,-3.75
-9.045,-35.398331
49.25,6.7
-6.1601,105.911301
56.166672,14.28333
27.068649,114.111237
5.75463,-73.436691
33.57795,102.964119
44.481041,7.87444
44.3894,8.2116
-32.816669,151.433334
40.312,-83.915771
-22.415001,-49.817219
30.987220999999998,34.931389
48.630131,37.552589
51.46962,22.95516
9.66146,-69.107521
47.48333,10.7
42.410591,1.8453600000000001
45.096161,8.55174
7.22889,124.257782
42.550671,-4.7863500000000005
43.442299,-71.588959
54.349998,12.9833
58.46151,8.77253
33.159168,129.722778
-10.7,-77.783333
53.213428,5.90961
51.400002,10.23333
50.883331,13.1
41.989571,-4.8773
49.996262,19.072781
53.29026,12.5172
12.25186,121.112511
48.566669,10.48333
31.81456,34.77998
45.13377,2.91119
45.23333,-0.5
45.066669,24.933331
40.133331,-96.23362
10.06444,-72.544998
59.21759,10.93787
27.052719,116.611053
49.827782,5.96722
42.224098,-5.25727
49.0914,9.27389
48.821671,8.1431
49.63139,5.9177800000000005
11.41667,122.400002
46.150002,33.700001
-37.799999,141.533325
26.969311,117.431664
-34.638142,-58.502731
38.890671,-9.16235
32.793961,-108.184212
37.34996,40.814629
41.290089,-73.920418
36.770409,36.81916
42.864231,-78.280289
51.914581,4.58819
55.92889,36.933887
36.51598,36.863049
-20.62455,27.44875
51.633331,13.71667
46.19611,41.077499
51.200001,12.0167
42.940571,-87.995918
44.57975,9.02396
54.566669,13.1
48.066669,13.58333
46.179459,2.99443
45.783329,27.066669
38.738449,-77.184982
39.445721,-123.80529
52.716671,36.283329
41.844719,-5.2844
24.417061,112.092041
51.828079,54.9874
43.174919,-5.75158
51.75,-3.33333
38.170071,15.41429
-0.9045000000000001,-89.617439
49.211769,6.85607
27.900299,-82.36454
34.045292,-117.943672
39.514439,-9.13112
35.769798,-91.640968
52.03611,36.368889
51.150002,14.4
35.848461,-81.495934
13.3238,122.084099
58.941669,69.1325
37.974380000000004,-6.31578
-13.63333,-72.883331
41.950001,24.216669
44.351028,7.39843
33.605831,42.462509
32.0,47.0
49.4627,13.7406
41.1012,-75.250458
48.842312,14.639240000000001
62.009731,-6.77164
21.33917,78.013062
47.66655,1.46153
49.519161,-1.6839300000000001
10.65015,-4.76292
49.512501,11.43389
44.272148,9.60888
31.797859,121.780853
49.98333,12.06667
19.216669,-70.51667
31.99008,-110.435349
-23.38385,-51.957291
53.321419,10.5742
-6.40461,106.089973
50.73333,7.7
46.404202,9.35193
45.033329,-0.46667000000000003
44.844299,0.15560000000000002
53.683331,9.81667
41.849998,23.116671
5.5836500000000004,-0.10722000000000001
9.52943,44.04784
47.066669,26.91667
16.922581,-89.899406
50.662521,5.26005
48.55798,10.64249
49.483509,16.835939
52.283329,-3.0
43.216671,2.35
7.82873,6.0731
45.872471,17.847110999999998
-37.333431,144.615814
39.907791,-6.46073
41.09647,-2.0156
40.57457,-2.6592700000000002
7.35661,149.199081
47.690849,-2.74648
-26.16667,-56.0
52.666672,-0.73333
63.0,27.5
48.826012,9.796990000000001
-4.5772200000000005,-81.271942
41.23851,0.33302000000000004
39.948891,117.370003
30.041941,119.152786
17.25,-96.26667
53.4333,10.75
48.2967,11.1866
40.824619,-85.338837
45.73333,3.73333
-8.0854,113.190903
46.033329,3.1
51.036671,5.95556
8.6,77.949997
10.35,123.066673
56.029499,36.589298
48.583328,12.16667
40.399441,18.01861
44.46777,11.41401
41.075291,-3.5484999999999998
41.116669,123.449997
25.78194,108.863892
25.941481,115.720879
30.6777,120.237839
44.599998,33.599998
38.721668,139.821671
50.05006,-110.668343
55.00528,38.097221
50.616669,8.2
40.1101,-76.032722
23.950001,76.083328
54.681519,25.299971
8.33167,124.628891
49.29591,100.257111
47.766701,9.71667
42.083302,-2.58602
13.43333,-88.533333
41.021912,-3.90678
38.649479,16.385401
28.05225,117.540291
52.049999,9.96667
-6.7924,111.891602
52.39362,20.870701
52.083328,11.88333
38.786228,-77.478043
47.478378,9.16564
-34.283329,146.033325
48.0667,9.56667
6.55236,-72.499763
51.866669,7.3
36.78928,-81.582062
43.360748,12.71216
46.937649,-1.5114200000000002
16.26667,-61.5
38.380268,-0.7285
49.349998,0.9333300000000001
53.649109,-0.6845300000000001
40.375381,-75.499901
47.211552,9.43022
46.621391,19.28528
49.950001,6.63333
50.10944,101.575279
27.966669,73.550003
47.44083,29.55986
42.984901,-6.96833
-20.950001,-64.75
43.533329,-0.71667
50.133301,6.85
32.174961,35.057522
29.294701,117.207893
57.083328,-4.66667
-12.2975,43.773331
-21.46806,-49.220829
45.896938,13.23361
46.595661,0.53012
32.874981,71.570122
11.08333,108.0
32.07674,-111.313713
49.950001,6.78333
48.433331,0.08333
43.384171,16.550831
49.717781,6.01028
-28.48333,151.983337
30.379299,120.047043
46.301121,12.0097
47.309341,8.52127
46.173409,6.08437
49.516701,7.4
46.099998,3.0666700000000002
50.355572,3.4531
47.366669,26.700001
53.717831,9.59798
52.095249,-0.5349400000000001
-7.3984,108.462997
14.10278,122.015282
-17.58333,-67.51667
-35.183331,138.75
42.64349,-2.16046
49.825691,19.61763
32.291672,119.997223
36.87558,-105.126106
49.36562,4.17051
0.08333,29.15
53.916698,12.0667
52.990559,-6.08528
-17.549999,-63.216671
44.776348,-94.989723
-35.036942,117.624168
58.963058,26.03083
50.258018,7.77197
37.33485,-6.06141
40.89238,-2.8153300000000003
42.353401,-5.21421
43.049999,-7.85
50.566669,10.3
43.500919,-70.442833
46.51667,0.56667
50.8395,4.49427
43.266151,-1.97615
53.75,10.73333
48.207829,11.32783
-7.33514,146.717987
18.716669,-71.01667
17.928511,103.955193
47.553768,8.13323
44.416672,11.98333
40.368469,-4.19953
-33.98333,151.133331
50.366669,30.683332
54.362469,-1.5478900000000002
54.299999,9.73333
56.925011,65.539398
18.17301,-66.945457
58.941669,69.1325
50.983379,-104.867828
-26.116671,152.183334
59.889961,10.52649
51.62574,21.932739
42.183331,24.633329
41.053108,-82.726288
42.32584,13.7587
48.07954,-123.101837
29.516541,70.850319
40.299049,-2.42241
50.50922,5.6595
52.150002,8.66667
-37.333328,144.416672
47.950001,5.26667
40.343811,15.36846
-6.6682,106.3181
53.308613,44.00222
-27.533331,151.866669
44.728241,8.14514
46.92979,9.05233
45.783329,2.16667
44.4986,-88.182877
46.32135,6.18907
11.91197,-86.07383
26.98333,-102.083328
48.602982,6.09942
56.616669,37.583332
-20.907221,-48.641392
49.739719,6.18722
35.634998,3.225
1.56976,-77.463997
50.155998,21.9587
24.341261,102.728851
14.10594,120.933723
37.136108,128.211945
52.53392,14.38128
38.316669,23.799999
-0.34514,100.362411
26.227871,-81.709251
48.383331,20.633329
-2.51389,-66.091667
53.599998,13.3667
34.018318,109.214348
47.6422,16.082741
34.18409,108.028542
51.150002,8.23333
14.486,121.228897
-7.0943,108.657501
3.11911,35.597271
38.731758,-9.4228
47.916672,-2.83333
43.878609,17.65917
44.599998,-0.55
16.33333,-95.23333
38.599998,21.5
-25.299999,45.48333
26.977501,110.721107
38.78289,-77.49749
56.068089,-4.33559
-38.48333,145.766663
41.316719,-80.766472
27.58676,68.00103
41.711941,-2.03433
16.200701,120.5149
41.432369,-4.6649
42.73333,26.0
10.88606,-72.848701
58.799999,42.700001
43.700001,4.03333
43.811562,12.63105
49.89397,20.608629
38.634258,-7.36364
45.1782,4.8158
50.066669,18.41667
30.58217,105.251411
56.349121,78.361893
8.5,3.41667
49.133301,8.35
38.176949,-4.10369
27.383329,-109.800003
39.62278,34.095829
51.116669,13.33333
31.33333,85.416672
45.443298,-93.589958
36.377102,36.992378
-35.966671,143.783325
-7.1571,108.149399
42.106529,-8.00092
50.75,8.08333
52.3195,16.128441
40.517521,-3.12887
-6.715,111.151398
49.583328,7.76667
48.849998,10.95
-37.799999,143.466675
51.183411,-113.935272
36.90583,38.346111
47.50061,7.16535
45.15786,9.36936
48.90881,13.88657
34.958279,137.080536
41.298752,-8.00172
10.4,-13.55
41.730579,-88.345901
38.916672,-9.23333
-1.3959000000000001,120.752403
33.159168,129.722778
48.10704,30.88953
26.4555,65.231201
53.816669,10.45
38.500301,-3.53837
46.606941,15.67667
35.75243,-0.01565
48.767521,7.25695
43.76667,24.950001
44.76667,0.5
38.0,73.0
49.389179,17.711491
41.85453,14.23112
10.46941,-66.830627
49.16951,16.51078
34.731651,-119.980141
28.466391,117.689171
-36.349998,149.966675
51.133331,10.41667
39.933681,-82.472382
47.216671,9.7
49.831871,1.40232
-2.02259,147.271194
49.249931,-55.048161
43.28833,1.9177300000000002
36.619221,69.628052
47.741459,6.82671
50.674271,21.04517
43.166672,-1.23333
36.750751,-5.81056
42.111382,2.81924
48.616669,15.2
19.26667,-98.900002
47.816669,20.58333
44.566669,26.383329
53.450001,12.4833
44.48333,10.48333
18.218571,-66.59156
43.344582,-4.0511
42.4244,-2.73399
38.748241,-0.033120000000000004
52.416672,12.71667
48.6455,9.3062
38.156651,13.17764
32.385601,35.05122
51.443729,-1.60257
48.73333,-1.0
51.599442,15.16495
-8.2572,112.434097
33.553059,68.426109
43.0,25.26667
41.920502,-6.20726
50.116669,6.21667
19.91667,-98.666672
-6.8803,111.559898
-22.372219,-46.942219
48.882938,0.57489
27.66667,113.5
33.788189,113.522072
34.870449,-1.42319
46.01667,24.15
-7.3545,108.110199
42.3144,2.9299600000000003
49.25,12.83333
-11.20605,13.84371
49.485279,6.32306
24.66667,113.5
14.66667,-89.083328
33.773911,-117.941452
48.130638,11.71718
41.291111,1.23633
48.866669,-1.48333
48.27,11.43956
53.685101,-1.83878
40.01667,-1.26667
49.85873,18.480181
-10.195,120.2313
34.03056,74.264168
45.917961,127.825981
32.90583,45.06163
47.707039,-3.3548400000000003
48.400002,7.76667
42.450001,70.199997
29.52667,35.007778
52.724548,11.90557
49.833328,10.75
46.816738,19.75668
41.36792,-4.30837
50.0,6.83333
49.165779,13.88624
49.200001,-1.56667
49.00639,36.285278
33.129719,36.39254
51.099998,11.5
15.13333,-90.583328
43.928558,-79.526939
46.683449,-64.165443
41.320019,1.65947
42.08894,14.21701
40.21246,-6.4648
4.94029,114.948059
40.95929,-6.57668
32.298889,69.572502
29.69384,-95.664948
47.200001,10.76667
39.81757,-6.32966
49.599998,7.75
42.883331,27.200001
30.238529,-90.920097
50.125038,11.2503
-34.5,140.300003
39.299,-8.39933
39.057049,-77.444153
45.818329,13.12639
34.426392,-117.30088
47.98333,27.066669
52.133301,10.85
-8.7818,120.715202
-29.66555,-57.11924
14.1669,120.976852
44.316799,-80.516403
45.304771,2.78968
45.557289,11.5409
16.77767,121.106239
52.950001,8.01667
-8.72806,125.566391
36.65947,-4.75639
53.533329,-2.41667
26.224171,127.301109
37.03294,15.06339
19.066669,-96.150002
54.083061,-0.19192
-6.9943,111.852203
24.89827,102.799652
28.912479,-82.485931
49.48333,2.05
36.816681,10.56865
51.0382,7.2546
53.900002,11.16667
50.533329,6.91667
17.59639,103.981598
43.273682,44.290749
46.949711,3.14807
49.858021,18.977079
41.725071,-2.86784
47.959148,-1.4982900000000001
43.095539,-1.4266
45.849998,3.26667
53.293331,28.642221
40.000069,-4.37166
44.626499,135.353195
38.715,34.846668
52.433331,9.41667
42.613529,-2.17544
-7.70611,-38.154442
40.948109,-83.961052
56.0,23.33333
29.34313,105.284431
47.066669,4.81667
42.543819,-8.54286
45.416672,4.06667
-32.164219,25.619181
49.716702,7.81667
53.34399,-6.26719
42.966671,-0.38333
42.598339,-4.44588
49.48806,8.29167
41.333382,-84.449951
37.216721,-89.524529
52.283329,12.46667
53.205219,-3.26675
19.415831,-99.494438
48.76667,-0.06667000000000001
52.666672,-0.6666700000000001
39.138168,-76.234947
36.88348,-76.699677
-10.68333,39.833328
39.086021,-119.784073
50.15556,6.05333
-6.5533,105.700897
45.021679,11.91512
50.133331,7.0
38.683331,-9.33333
25.4,87.099998
39.548168,-75.154633
48.247421,31.75432
44.855721,0.5975900000000001
45.23167,16.539169
15.33333,-61.400002
60.153278,59.952049
44.755959,0.72616
-35.816669,139.966675
19.55718,110.319908
48.48703,7.48967
17.51083,78.888893
46.65139,29.80472
44.5056,0.42948000000000003
-20.66667,-63.5
49.216671,-0.7666700000000001
45.549999,3.21667
46.84478,-1.49445
49.81406,18.720619
52.966671,-1.15
-6.6078,106.119202
48.444229,8.6913
27.521429,-82.572319
63.549999,27.200001
27.421391,118.345016
40.201481,-77.188873
56.275002,44.326389
-22.637779,-50.203892
46.742859,-1.11429
39.840309,-88.954803
41.62624,0.028550000000000002
38.235371,-6.0739
-7.051,112.423203
40.80666,0.06517
50.716702,11.8
59.866669,30.316668
38.69566,-0.33936000000000005
14.7,-86.949997
47.69746,21.918779
31.75124,-103.159889
13.87694,-89.173058
28.206261,118.298882
41.03083,30.307501
48.950001,8.56667
39.693329,125.210281
32.877819,-117.174477
50.107368,20.895479
54.014118,-0.22857000000000002
46.783691,-1.4290500000000002
26.683332,70.849998
35.703789,105.809891
24.933331,73.816673
53.58345,-116.435593
13.1,-59.533329
47.19936,18.13954
40.371769,-75.201561
45.549999,5.53333
44.470501,2.72432
45.583382,-73.749184
45.617882,25.69346
-16.58333,145.483337
41.077579,-4.26832
41.694111,44.833679
45.617401,25.694269
41.432201,-3.56614
38.350182,38.316669
51.216702,-102.467659
46.194069,7.42391
-14.95083,-49.549438
49.516739,-108.81813
46.333328,2.8
47.933331,9.41667
48.844528,6.28863
43.854462,1.23425
37.779179,-97.46727
-8.112,115.088181
45.5,99.5
47.873348,7.03193
-7.1022,106.841797
44.283329,27.15
52.643059,-8.86889
46.24971,11.34308
58.866669,5.65
26.799999,82.716667
34.068619,-117.93895
39.98333,44.5
44.566669,27.133329
53.23333,10.3
39.213921,-4.00053
51.033329,9.01667
48.281181,16.63883
38.23785,-85.552742
1.12985,11.26603
47.95232,16.761049
45.565762,127.111259
15.4618,47.7728
32.195721,106.932373
28.25,77.066673
49.327862,-0.38696
50.033298,6.83333
41.262939,-8.40554
44.822281,2.54305
48.26667,14.76667
39.833328,71.0
48.4776,2.5559000000000003
52.157822,11.40896
55.966389,38.050835
41.92696,-8.62718
45.762501,106.270828
53.849998,11.43333
41.743271,24.40003
28.739719,-81.115059
-5.41,-47.70639
47.916672,0.75
40.977619,40.61359
45.016666,34.983334
21.41806,-157.803604
51.26667,14.1
-8.1254,112.554001
46.809731,10.14078
48.819988,2.29998
7.68,125.004997
8.0269,123.778397
52.533329,12.31667
34.49017,109.227371
29.471889,110.441498
38.611881,-9.07157
34.56641,107.521477
49.180302,9.321110000000001
32.6493,-96.713051
47.607498,18.21517
28.41721,115.863281
35.39933,-78.815849
38.852009,-0.16648000000000002
33.983082,51.43644
44.911388,19.446939
44.549171,18.09667
30.9083,121.753448
49.74667,6.26028
42.48333,23.183331
13.17472,123.73278
47.216671,14.86667
47.481361,8.23949
55.750278,38.004166
34.976311,128.323608
47.30508,7.75746
47.866669,23.133329
46.569721,13.75806
13.93333,-61.033329
45.788399,11.36769
14.0422,120.625504
32.548222,-82.871811
-37.166672,-72.933327
43.220871,-1.68973
52.79512,1.2517800000000001
-28.73333,153.516663
50.63678,17.826349
32.977589,106.468811
34.98333,134.966675
43.281712,-3.80372
47.900002,9.46667
46.985828,15.76694
53.246712,-132.011749
50.473789,17.33437
56.145279,42.68528
48.65028,12.60944
27.837379,86.768822
7.113,171.235992
41.136478,-74.082359
45.599998,25.299999
55.82515,34.273621
53.799999,10.71667
44.349998,0.05
13.48167,-87.105003
43.783329,-0.41667000000000004
41.483429,-7.53488
8.35109,100.20195
40.572601,-74.492653
8.59306,125.837502
47.921397999999996,11.53513
41.981209,-72.649811
47.902191,13.76415
52.066669,9.8
47.578259,8.57191
38.894279,-77.431099
43.400002,-0.43333000000000005
48.627781,-1.40951
51.900002,14.45
39.942909,-5.74589
43.566669,-0.5166700000000001
22.570999,58.694721
45.5,26.75
-16.466669,46.716671
52.316669,-9.23333
50.848331,5.68889
38.88171,-90.068443
48.849998,6.3
-36.0,-60.0
46.551781,6.66829
50.683331,4.71667
52.339642,4.96256
46.79306,-105.31221
54.183331,-4.56667
45.615162,8.13602
46.436668,15.95361
-1.29389,-47.926392
50.0,6.5
-7.77639,-34.89222
52.68689,9.21083
52.633331,7.9833300000000005
51.116669,12.45
33.1576,-99.733704
49.549999,7.36667
51.599121,-3.32303
27.98208,-15.52488
42.273129,12.96738
42.905849,-88.138977
-26.908609,-52.70306
20.549999,-103.449997
37.30077,32.08548
50.216671,3.4
64.48333,33.066666
44.900002,3.73333
21.16667,-105.23333
-36.666672,-63.083328
50.333302,7.76667
49.833889,6.0075
49.400921,20.060011
-6.59244,105.88028
45.784901,11.5756
-28.66667,153.350006
8.61667,77.933327
30.966669,61.883331
60.0,11.1
49.997139,3.30855
11.56667,108.98333
47.450001,11.86667
52.187401,25.1597
42.301231,12.58977
36.59996,-4.53684
48.049999,21.466669
50.683331,8.68333
25.01152,-80.51506
49.599998,128.683334
48.451679,0.7032600000000001
45.30827,9.31345
49.299999,10.75
42.014221,-80.345337
41.33297,-2.74925
14.50278,-90.551666
41.07798,-8.32518
-8.0443,111.941002
49.416672,2.0
48.660339,25.44832
50.25,6.75
8.375,124.953888
40.668861,72.56002
44.153881,-87.569252
47.26667,-1.06667
-6.5675,106.328201
41.139061,-7.80247
17.538059,120.364441
47.24329,0.6952
48.183334,40.366669
45.083332,35.400002
24.768721,114.275284
-28.549999,16.433331
49.549999,11.5333
64.599998,18.16667
43.993019,7.95805
-31.33139,-54.106941
20.51667,-99.866669
59.338821,52.244671
52.366669,5.76667
44.522369,2.76265
53.854599,-1.4726
25.140739,113.886658
-20.35778,-41.958061
39.005939,-7.24891
34.369831,-83.235161
18.870831,-96.866669
47.26667,0.83333
-19.05611,-41.01667
36.83429,28.6446
45.409359,8.19903
-30.0,-59.333328
48.81218,12.61145
50.196091,18.861891
-8.5136,114.257103
43.383331,-1.05
44.577942,8.19294
-7.3598,108.083603
40.57719,-2.8852
52.183331,-1.5833300000000001
24.466669,88.066673
49.166698,7.9
47.616669,26.283331
-14.47815,35.264481
31.3431,48.7603
43.601089,-89.793739
42.387131,12.95698
38.74699,-90.240112
40.92971,-94.976089
45.87389,20.567221
48.966702,10.4667
42.635040000000004,-5.82524
41.783619,12.67568
49.046902,9.19
46.251942,16.614719
43.26667,-0.21667000000000003
-6.7302,111.083702
42.19289,0.25162
49.999619,14.55017
57.7584,16.637329
46.650002,14.45
45.349998,0.86667
50.866699,11.6333
53.833328,109.933327
52.57682,-1.31536
37.54084,-8.76941
48.412621,-0.034280000000000005
52.216671,-2.5666700000000002
48.76667,2.66667
-3.45,114.76667
36.792191,99.073723
10.5967,124.282097
53.65168,-0.08407
24.864559,102.135048
53.290661,46.248489
45.50008,-73.465874
45.140282,19.035561
7.43333,3.28333
54.762749,18.104191
41.492062,2.36524
-31.84898,115.807571
20.970751,-156.670456
47.86166,13.43789
42.597069,-2.30524
45.01667,1.1
49.632622,10.13746
42.275009,-4.55266
43.48333,-1.2
53.900002,10.2333
40.91143,-90.647362
5.41667,7.5
43.450001,-0.16667
42.743221,-2.9839700000000002
52.349998,9.88333
39.160149,-0.6459900000000001
35.42952,-85.72303
45.892502,3.48237
47.98061,0.8978200000000001
53.606049,7.52649
-7.54595,112.23307
44.966671,3.05
55.650002,37.716667
-34.6558,-58.69997
40.894821,-74.43293
44.69825,10.63125
49.48333,10.66667
49.049999,0.30000000000000004
-22.059999,-45.044998
35.196362,102.249168
48.75,-0.8166700000000001
45.905079,8.70883
51.033329,9.53333
45.2565,0.1988
43.76667,0.5166700000000001
27.531151,-82.733429
46.103401,4.1192
50.48307,-120.502502
45.685261,7.65681
29.95023,-96.257187
31.707991,-81.74234
49.445839,-1.65846
47.465881,8.67017
48.77644,2.29026
45.066669,-0.30000000000000004
53.333328,11.08333
23.22806,110.826111
49.116669,10.38333
45.25,5.83333
50.337521,2.85129
-33.828449,151.248657
48.101669,-3.99833
45.466671,3.46667
49.398911,20.24205
29.73884,-95.758003
53.4716,14.08602
31.390381,-110.878418
-34.415661,139.416397
-19.889441,-44.432499
35.666801,-81.233139
48.0667,9.98333
53.773472,-1.66426
43.133331,-0.46667000000000003
47.9338,8.7045
48.12714,8.707699999999999
47.559959,10.213940000000001
42.595329,-2.94306
37.38678,-6.07743
32.673458,-95.709412
24.062349,115.18576
46.45993,8.92733
25.86898,-80.216988
40.957111,14.31023
38.51667,-9.01667
22.15,-102.25
49.983299,6.63333
52.88726,13.81119
-34.10078,23.342501
-7.3546,108.208603
48.400711,16.02388
35.23455,52.309422
54.092419,18.77787
27.5,95.366669
26.902189,117.254822
-8.5646,116.094498
48.966671,9.2
51.283329,11.56667
54.400002,9.16667
23.554939,116.64518699999999
47.495209,6.85442
51.679901,8.73877
34.769539,-92.26709
47.450001,13.2
55.156113,37.925835
29.0198,115.222549
53.816669,-0.05
41.030281,41.009441
40.992321,14.72894
27.64521,114.839409
48.42215,0.06192
46.666672,2.65
53.583302,12.7833
36.6334,-93.416847
45.46344,4.76848
45.101421,2.87099
28.04118,115.057251
53.799999,9.7
31.71945,35.141029
51.349998,11.65
-7.3872,108.204002
28.34919,28.86591
55.799999,37.900002
54.133331,8.85
45.700001,15.91667
40.858429,-73.099548
32.15583,34.952782
51.583328,11.46667
53.614128,9.30517
34.5,69.416672
49.513062,8.15389
18.799999,77.76667
44.083328,23.450001
47.252258,39.835018
40.381081,-6.75602
8.465,-71.466393
48.65889,43.874722
48.183331,10.63333
46.14299,9.29334
50.633331,7.7333300000000005
54.03056,-8.69972
15.71667,-91.533333
47.030708,14.50848
44.488731,7.25842
50.25,6.3
48.158199,-1.5791400000000002
30.150351,115.277962
-8.9132,121.014198
52.2299,17.2803
48.114849,13.78109
50.76667,12.01667
-39.115051,-66.927139
38.535591,-28.52343
5.95266,10.15824
40.666969,-2.99686
52.78688,8.25537
-7.64139,-35.549999
9.60722,123.773567
47.349998,0.6666700000000001
34.691551,-77.063004
45.05917,18.46694
43.301281,6.22748
45.785782,8.73563
50.889969,39.5919
30.355101,50.8167
37.725948,-80.642021
52.400002,13.45
44.816666,34.900002
48.25,14.0
45.916672,28.1
47.334358,7.84192
44.27673,7.9130400000000005
-38.333328,143.066666
-13.39472,-44.18861
14.08583,-90.376671
46.17424,6.25912
44.319168,42.047779
50.450001,8.95
36.393749,-78.982788
46.614429,6.50631
40.649441,22.95083
48.833328,8.65
23.216669,72.683327
44.269459,-83.514702
40.116669,-0.05
48.6833,8.35
40.088589,122.081612
41.64114,-88.447289
51.583328,9.88333
46.09005,3.44593
44.4832,-1.07457
51.650002,10.2833
51.200001,11.3333
48.314251,41.166328
53.23333,11.81667
53.160358,17.44912
40.71125,-3.01209
48.103031,-2.5838200000000002
58.1376,7.07002
50.314011,9.46335
48.549999,11.8667
48.416672,10.71667
10.48889,-68.200279
-25.458611,-49.528332
51.710491,18.62483
42.729229,11.54134
45.349998,25.549999
23.049999,90.76667
38.322182,16.302601
51.450001,13.53333
41.46994,1.08541
31.614799,35.04174
43.241379,-1.28497
-54.5,-67.0
45.89225,2.8638
-2.03444,-60.025002
-11.26222,-37.61972
53.677219,-6.31917
50.640831,5.7935300000000005
54.3167,13.1167
56.15818,-120.691803
56.11861,96.893333
34.367668,-77.710533
-7.0376,107.976196
40.29974,-7.47812
38.916672,34.666672
42.840858,-85.663643
52.330002,5.54167
35.59008,-84.241859
37.779442,26.751671
47.692631,-121.915131
4.85,-61.083332
50.646629,21.64822
51.633331,13.11667
39.976608,-4.50554
40.605301,14.36674
54.383331,10.15
49.894852,21.05407
39.585949,-2.53843
53.783298,10.35
41.080212,14.25653
14.03333,-87.166672
44.208351,0.29486
50.759869,15.30284
26.79472,110.41806
41.783329,2.73333
39.126961,-9.08424
17.27606,100.60022
-17.683331,24.116671
33.666039,112.585091
5.9684,121.312202
53.383331,12.96667
51.511299,-2.5739
44.482208,-88.070099
52.768398,9.42987
48.01667,10.6
53.40012,11.13825
51.400002,11.2333
65.050003,17.466669
51.76667,6.25
15.0,-88.75
7.5609,125.929802
37.776241,-79.982002
40.14846,-6.81584
35.809029,-80.372833
6.33333,101.25
43.315079,-71.620911
37.148491,-3.56556
42.475639,13.9893
46.673611,28.059441
49.359699,8.25705
41.257221,20.72361
41.929661,-5.14534
2.7379,101.723503
54.116669,-7.01667
52.807281,-1.64263
-20.299999,57.48333
41.768608,20.83917
36.62439,-119.313728
39.033329,16.15
69.011513,23.04151
14.1,-86.366669
33.602509,105.910538
45.083328,26.633329
44.48333,4.28333
35.969719,139.588608
29.841419,120.315788
-27.133329,153.050003
45.95948,9.30564
50.366699,7.8
56.03606,12.6136
50.450001,7.11667
48.356869,-116.489639
38.03347,-77.349701
43.733318,-98.065628
39.78611,117.25222
48.049999,12.4667
51.20018,-78.766098
48.633331,2.26667
18.783331,-69.466667
37.493099,-87.131943
48.216671,15.58333
38.007019,-122.318779
50.892262,11.72992
40.13763,-6.00086
50.066669,11.55
-3.7259,128.145554
-7.0929,106.765503
59.560268,7.35676
56.176399,36.1507
39.903332,28.990561
52.455559,-6.95694
48.783329,2.46667
59.780289,28.481569
47.463379,14.04652
43.333328,-0.55
51.383331,6.71667
6.03333,102.283333
28.683332,77.199997
-19.95278,-45.084171
48.995201,-1.08541
51.546761,12.6293
48.687489,-0.97457
19.50139,-154.970566
47.116669,22.73333
54.350151,-113.918793
43.316669,-0.23333
51.348431,9.52557
42.504501,1.49414
50.116699,6.41667
54.183334,30.316668
30.67091,73.652924
45.249168,20.95722
44.834572,11.2939
38.017139,-122.288582
39.076248,-6.51479
-13.0,-74.716667
49.030472,10.09747
44.823189,6.57901
45.851109,12.28694
-7.6221,108.256401
41.077148,-4.31949
52.32267,14.78921
45.52927,8.76694
42.735531,-94.669151
48.538681,0.59301
40.922661,-5.92905
47.541599,1.3122
48.309429,23.474001
-1.21544,10.58378
19.25,-98.400002
42.32093,-71.364227
19.15,-98.083328
42.61702,-2.26479
47.45224,6.6901
54.433331,10.16667
49.858601,9.69556
49.583328,7.55
24.979441,102.773804
48.146511,15.55345
54.51667,-7.46667
35.024311,-81.027847
53.811852,-3.02261
42.103611,2.50892
29.66301,-95.235489
13.32328,121.302818
47.493099,8.49879
38.950359,-0.14007
25.827761,116.786461
43.391548,-1.2542
-18.183331,-178.800003
46.490341,9.81688
55.14798,40.553741
47.309978,8.11371
47.103989,-122.43457
46.73333,2.48333
47.562462,8.68368
38.5,33.833328
43.461891,-5.9311
50.083328,1.5
33.92094,-93.15406
47.955391,21.716709
44.583328,0.8166700000000001
48.256931,4.09531
61.115829,-146.266388
47.323318,13.07437
-7.2185,111.422096
54.095558,12.75683
15.0333,120.800003
54.383331,10.35
49.158749,8.42222
43.48761,5.23387
29.283331,47.997219
12.8658,45.055199
-6.5973,105.903603
45.599998,2.6
38.803249,-9.33399
-7.0456,111.265701
35.049999,25.1
41.209541,-73.98542
50.621861,5.00528
64.626839,16.656281
38.584229,-8.89996
51.799911,15.7689
-37.383331,144.266663
41.65554,-4.79254
52.689812,12.64998
42.529018,2.95764
48.783329,-0.45
42.16861,-92.023514
46.445808,3.16086
25.04208,115.590218
47.333328,-1.63333
-8.0014,111.421997
50.026272,8.88588
45.069691,-92.951599
35.707909,-79.813637
41.422729,-1.5624500000000001
50.700001,13.08333
27.48333,-99.550003
45.158161,33.27866
46.73333,26.98333
50.98333,2.05
8.31667,-81.216667
51.250401,15.0561
50.55162,9.67518
-33.383331,142.566666
16.0196,120.738998
32.550491,-88.618492
47.900002,9.43333
53.29694,-8.99361
50.666698,8.05
28.1,76.283333
-7.1858,107.110603
46.966141,9.64391
51.17902,17.19137
51.700001,11.66667
18.75,-96.76667
40.35722,30.01417
50.1833,6.36667
38.86776,69.966423
53.450001,9.98333
36.158531,36.2286
49.5,7.3
-24.311871,-64.963768
39.486229,-75.025726
41.192261,-2.87492
50.01667,10.83333
35.068329,115.5625
32.134899,120.937073
45.07917,43.046391
21.9,-72.033333
40.683609,141.359726
49.483009,11.24116
40.693569,-8.35534
-32.342861,-65.203232
-6.80253,106.012848
50.417049,4.43092
16.41453,-3.67075
48.355652,15.38783
47.225571,16.218941
54.951111,-8.35917
48.229172,11.45473
41.629349,-8.33233
48.700001,-4.03333
-30.11058,153.200668
47.597809,-2.10828
43.150002,-0.25
-32.322929,-63.869499
42.181919,-5.59136
-33.900002,151.266663
50.74778,72.205833
51.37281,-2.14002
47.180828,8.31802
58.73333,16.866671
53.599998,9.2
44.383331,26.700001
45.366669,1.05
45.861961,15.22308
45.22868,11.4635
13.51667,123.283333
33.158058,69.312782
57.095619,9.52801
42.896469,-72.26342
10.42917,123.282501
30.28908,-91.234268
-7.1177,112.4981
48.400002,35.116669
35.613468,110.958542
65.147163,57.224388
49.183331,7.45
24.720631,112.294418
40.626659,23.21566
44.18922,-66.163788
46.881989,8.61611
25.619551,56.272911
14.79167,-92.387497
-6.93889,107.752777
48.72002,2.5394
53.5,11.95
43.636471,-5.85304
8.34111,124.259171
28.052771,117.543922
14.65,-91.533333
-6.8665,111.970596
41.713531,14.29472
38.400002,23.883329
45.4725,6.9137
46.13409,9.24964
46.002602,10.32576
-8.342600000000001,113.606003
44.48333,26.433331
45.1861,4.4286200000000004
-38.25,141.483337
56.933331,37.133331
42.686729,11.90665
-31.492849,25.00633
47.616669,10.5
53.704498,27.854099
31.76841,121.870506
43.450001,27.23333
-10.76667,-65.366669
47.133331,15.08333
-22.53611,-55.725559
36.997639,-79.891983
49.715,-2.20417
6.86782,126.328377
25.562611,-80.382278
-26.95529,-65.350533
9.24472,-79.608612
34.666672,133.833328
-30.83333,-59.416672
42.32822,-4.03211
8.0,-2.0
9.33333,45.416672
57.62611,25.78306
39.654819,-77.572769
-7.2582,107.047501
49.883331,11.58333
53.165001,-9.07944
36.000622,-88.428108
54.599998,40.099998
32.620819,117.063179
56.380833,46.52861
21.866671,73.5
44.37344,19.10651
47.441219,-0.15616000000000002
47.299999,11.2
40.830601,-84.929131
48.463612,1.77264
4.4691600000000005,101.041069
48.367321,16.641239
41.835331,-1.7619600000000002
31.23333,130.649994
43.833328,4.5
-8.2296,114.332001
17.51692,99.759781
49.12315,10.07489
52.595821,-2.55749
50.160511,22.239071
49.59565,0.7285
43.90556,144.659439
60.666672,23.08333
56.59,43.66
51.954208,-1.27613
-12.28389,-40.493889
46.233452,7.4865
23.316071,116.547829
58.349998,13.33333
55.21748,10.4216
-6.7302,111.105598
-1.21544,10.58378
47.470669,8.82705
-11.43861,-61.44722
-36.333328,145.699997
-3.28472,-60.186111
44.663399,-69.577271
57.009724,34.982224
19.866671,72.699997
-18.130211,30.140739
44.883331,28.366671
42.066669,24.73333
41.861622,-3.7298
43.533329,-0.61667
49.583328,12.15
34.174999,119.216667
33.429291,-88.81839
49.702499,6.04333
42.883331,23.200001
31.200001,-110.966667
46.715382,7.41719
43.91721,41.884129
45.810001,11.787700000000001
49.799999,7.36667
36.779781,-89.385628
45.689571,8.21582
49.76556,5.89083
17.058611,-96.671669
42.135029,-87.758118
-37.066669,143.616669
18.15774,-65.781548
17.227079,98.225723
53.128601,35.396599
50.160301,8.6507
43.333328,-1.15
50.30592,12.939070000000001
40.0061,-3.9455999999999998
50.233299,6.71667
44.127911,1.2414100000000001
37.765671,23.481199
46.669479,6.80127
42.942829,-8.98567
44.204521,-69.883377
48.383331,12.26667
53.465721,-2.24885
48.950001,-1.53333
46.36861,15.90639
49.666672,7.2
45.84584,13.48649
45.950001,1.13333
8.59231,-71.167282
50.650002,11.83333
49.894508,14.29923
48.150002,10.1667
-22.612221,-46.700562
35.13028,126.815826
17.16667,-62.599998
-9.5773,124.6241
34.228458,108.915657
33.266788,-89.290901
32.38348,-97.366959
31.179911,-83.789062
23.759121,116.170921
47.150002,22.25
55.50861,47.49556
-23.25,150.283325
40.950001,24.183331
51.425598,-1.69988
52.045849,-0.3639
-35.049999,138.616669
49.033329,12.75
40.887749,-2.9335
52.5,6.96667
43.957581,-69.509209
41.242779,128.798889
42.904789,-77.611389
57.573799,46.271759
12.98333,79.133331
51.907082,-4.54612
50.033329,7.06667
54.233299,9.18333
46.622829,6.85066
48.9231,2.4461
39.466671,22.08333
37.932652,13.66495
-8.6156,122.216003
30.40522,111.800407
52.683899,55.685001
49.039169,8.70278
43.433331,-0.5166700000000001
49.786751,21.945709
-7.1568,113.474602
42.966671,23.533331
50.782589,-2.99787
48.683331,5.33333
47.53352,18.656269
52.237499,4.82639
47.349998,8.38333
-33.045689,137.544678
49.799999,6.85
53.299999,7.6
44.650002,26.48333
-26.605869,-54.78093
41.305,69.207779
57.486111,41.483055
36.589722,2.4475
40.3909,-79.810051
-23.368059,-53.743061
19.23333,-103.716667
57.739498,12.10642
46.646049,17.39362
62.066666,35.283333
25.129919,113.093979
41.07798,-8.32518
-26.853331,-65.09137
51.571629,12.55686
65.816673,15.08333
36.115002,36.248169
51.355419,21.587681
24.432261,54.423531
-17.633329,-149.600006
56.000622,-2.51418
22.683331,75.616669
50.75,10.8
32.866669,120.666672
4.7613900000000005,119.407501
50.03796,19.227711
50.561001,4.697
47.29221,-2.36395
47.330448,11.63384
53.250149,-108.001297
61.133331,46.549999
-0.5735800000000001,100.22464
-12.70013,45.06918
38.151569,-0.8917
28.72999,115.569
-8.691,120.529404
58.784431,64.19014
54.799999,9.21667
18.443279,-67.064903
50.666672,7.53333
