,City,Humidity,Min Temp,Max Temp,Wind Speed,Cloudiness,Date,Country,Sunrise,Sunset,Lat,Lon
0,Rikitea,95,27.02,27.02,7.09,32,1546977317,PF,1546957375,1547005851,-23.12,-134.97
1,Mataura,65,16.49,16.49,2.02,64,1546977317,NZ,1546880669,1546936656,-46.19,168.86
2,Bulalacao,100,24.07,24.07,4.22,92,1546977317,PH,1546899041,1546939963,13.7,123.78
3,Thompson,70,-17.0,-17.0,7.7,90,1546974000,CA,1546959420,1546986019,55.74,-97.86
4,Polyarnyye Zori,87,-10.49,-10.49,1.24,88,1546977317,RU,1546936443,1546946414,67.37,32.5
5,Touros,74,28.0,28.0,5.7,40,1546974000,BR,1546935395,1546980059,-5.2,-35.46
6,Tezu,74,6.54,6.54,0.72,0,1546977318,IN,1546907272,1546944997,27.93,96.16
7,Yellowknife,75,-28.0,-28.0,2.1,75,1546974000,CA,1546966615,1546986761,62.45,-114.38
8,Ancud,54,14.0,14.0,7.2,75,1546974000,CL,1546939887,1546993969,-41.87,-73.83
9,Albany,75,1.0,6.1,6.2,90,1546975020,US,1546950279,1546983578,42.65,-73.75
10,Puerto Ayora,58,29.0,29.0,3.6,20,1546974000,EC,1546949011,1546992800,-0.74,-90.35
11,Mar del Plata,36,16.82,16.82,7.52,92,1546977319,AR,1546937390,1546993429,-46.43,-67.52
12,Karratha,68,25.77,25.77,1.29,76,1546977319,AU,1546897188,1546945130,-20.74,116.85
13,Bredasdorp,88,19.0,19.0,4.6,92,1546974000,ZA,1546918615,1546970177,-34.53,20.04
14,Pevek,69,-26.36,-26.36,1.72,0,1546977320,RU,0,0,69.7,170.27
15,Srednekolymsk,33,-30.21,-30.21,1.37,76,1546977320,RU,1546907601,1546917058,67.46,153.71
16,Nanortalik,97,-0.01,-0.01,5.07,92,1546977320,GL,1546948693,1546971484,60.14,-45.24
17,Kesinga,80,8.32,8.32,1.24,0,1546977321,IN,1546909469,1546949011,20.19,83.22
18,Usatove,92,-10.0,-10.0,1.0,75,1546976640,UA,1546926016,1546957715,46.54,30.65
19,Comillas,76,10.0,10.0,1.0,90,1546975800,ES,1546933752,1546966754,43.39,-4.29
20,Kundiawa,91,14.27,14.27,0.94,48,1546977322,PG,1546891996,1546936827,-6.02,144.97
21,Punta Arenas,58,11.0,12.0,8.2,40,1546974000,CL,1546936300,1546996132,-53.16,-70.91
22,Maumere,100,26.74,26.74,0.92,56,1546977322,ID,1546897196,1546942549,-8.63,122.22
23,Montes Altos,83,29.0,29.0,2.6,75,1546974000,BR,1546938120,1546982908,-5.83,-47.07
24,Belozerskoye,60,-17.01,-17.01,4.97,64,1546977322,RU,1546920243,1546946721,55.82,65.58
25,Omoa,58,27.0,30.0,2.6,40,1546974000,HN,1546950100,1546990603,15.77,-88.03
26,Bluff,93,21.64,21.64,4.97,92,1546977323,AU,1546889116,1546937730,-23.58,149.07
27,Vaini,82,15.07,15.07,1.57,0,1546977323,IN,1546911043,1546951627,15.34,74.49
28,Sunrise Manor,58,10.6,12.2,1.5,75,1546974900,US,1546959108,1546994584,36.21,-115.07
29,New Norfolk,50,12.0,12.0,6.2,20,1546975800,AU,1546886652,1546941145,-42.78,147.06
30,Georgetown,78,28.0,28.0,6.2,75,1546974000,GY,1546942022,1546984336,6.8,-58.16
31,Dandong,57,-20.76,-20.76,1.29,0,1546977325,CN,1546902281,1546936449,40.12,124.37
32,Ushuaia,66,9.0,9.0,8.7,40,1546974000,AR,1546935081,1546996098,-54.81,-68.31
33,Mahebourg,83,27.0,27.0,6.2,40,1546974000,MU,1546911429,1546959290,-20.41,57.7
34,Atuona,100,26.92,26.92,7.22,64,1546977326,PF,1546959801,1547005380,-9.8,-139.03
35,Sidney,56,-8.0,-5.6,8.2,1,1546976100,US,1546958629,1546989831,47.72,-104.16
36,Leningradskiy,79,-21.96,-21.96,9.27,0,1546977327,RU,0,0,69.38,178.42
37,Lorengau,98,28.77,28.77,4.97,92,1546977330,PG,1546891840,1546935880,-2.02,147.27
38,Sosnovo-Ozerskoye,41,-21.99,-21.99,3.64,0,1546977331,RU,1546908135,1546936761,52.53,111.54
39,Tuktoyaktuk,74,-33.0,-33.0,2.1,40,1546974000,CA,0,0,69.44,-133.03
40,Cape Town,72,20.0,20.0,9.3,20,1546974000,ZA,1546919096,1546970474,-33.93,18.42
41,Zhigansk,0,-39.51,-39.51,1.14,0,1546977340,RU,1546913720,1546925506,66.77,123.37
42,Upernavik,100,-18.99,-18.99,4.27,76,1546977341,GL,0,0,72.79,-56.15
43,Asyut,75,4.54,4.54,2.57,0,1546977341,EG,1546922773,1546960692,27.18,31.19
44,Buraydah,77,17.0,17.0,1.0,0,1546974000,SA,1546919601,1546957727,26.33,43.97
45,Ribeira Grande,82,17.0,17.0,11.8,40,1546974000,PT,1546938745,1546973479,38.52,-28.7
46,Alofi,88,28.0,28.0,3.1,92,1546974000,NU,1546966235,1547013773,-19.06,-169.92
47,Gajraula,90,8.39,8.39,3.92,8,1546977344,IN,1546911686,1546949183,28.84,78.25
48,Dikson,97,-22.56,-22.56,4.04,44,1546977345,RU,0,0,73.51,80.55
49,Karachi,55,17.0,17.0,3.09,0,1546973700,PK,1546913891,1546952365,24.87,67.03
50,Nantucket,96,5.6,6.1,7.2,90,1546976040,US,1546949152,1546982951,41.28,-70.1
51,Saint-Philippe,86,-3.0,2.2,5.1,90,1546976280,CA,1546950750,1546982978,45.36,-73.48
52,Miyang,98,6.57,6.57,1.49,92,1546977349,CN,1546905096,1546943677,24.4,103.44
53,Pangnirtung,74,-32.0,-32.0,2.19,20,1546974000,CA,1546958188,1546971828,66.15,-65.72
54,Husavik,86,-10.36,-10.36,9.32,88,1546977350,CA,1546957611,1546987407,50.56,-96.99
55,Faya,54,13.0,14.0,2.1,0,1546974000,SA,1546919058,1546958997,18.39,42.45
56,Beloha,89,23.07,23.07,1.92,0,1546977351,MG,1546913897,1546962889,-25.17,45.06
57,East Liverpool,54,13.3,15.6,6.2,40,1546973760,US,1546951550,1546985585,40.62,-80.58
58,Saint George,85,-7.0,-4.0,0.94,20,1546973400,GR,1546926651,1546961067,39.45,22.34
59,Bethel,84,-16.1,-13.0,3.6,90,1546976040,US,1546976980,1546999143,60.79,-161.76
60,Champerico,42,28.0,28.0,1.5,40,1546972920,MX,1546951501,1546991877,16.38,-93.6
61,Hermanus,93,17.02,17.02,2.07,92,1546977354,ZA,1546918824,1546970352,-34.42,19.24
62,Barrow,31,28.59,28.59,2.57,0,1546977354,AR,1546937275,1546990054,-38.31,-60.23
63,Bonthe,55,28.29,28.29,1.07,80,1546977355,SL,1546931133,1546973302,7.53,-12.5
64,Narsaq,95,-2.66,-2.66,0.34,92,1546977355,GL,1546949300,1546971267,60.91,-46.05
65,Lebu,55,1.82,1.82,1.39,0,1546977355,ET,1546918977,1546960861,8.96,38.73
66,Busselton,100,18.64,18.64,8.42,0,1546977356,AU,1546895862,1546947168,-33.64,115.35
67,Port Elizabeth,82,7.2,11.2,4.19,90,1546976520,US,1546949982,1546984463,39.31,-74.98
68,Rio Gallegos,76,9.0,9.0,8.7,75,1546974000,AR,1546936395,1546995230,-51.62,-69.22
69,Airai,95,21.99,21.99,0.62,80,1546977357,TL,1546896400,1546941814,-8.93,125.41
70,Tuatapere,82,15.69,15.69,2.79,64,1546977357,NZ,1546880964,1546936923,-46.13,167.69
71,Aligudarz,72,-5.46,-5.46,1.17,92,1546977357,IR,1546919154,1546955429,33.4,49.69
72,Nikolskoye,92,-3.0,-3.0,2.0,75,1546975800,RU,1546930236,1546953435,59.7,30.79
73,Sao Joao da Barra,55,30.0,30.0,10.3,0,1546974000,BR,1546934998,1546983134,-21.64,-41.05
74,Tommot,64,-18.69,-18.69,1.07,64,1546977359,RU,1546906986,1546930841,58.97,126.27
75,Chokurdakh,36,-31.24,-31.24,2.39,68,1546977359,RU,0,0,70.62,147.9
76,Ngorongoro,89,15.04,15.04,1.04,44,1546977360,TZ,1546918555,1546962834,-3.24,35.49
77,Lavrentiya,91,-16.94,-16.94,13.19,0,1546977361,RU,1546982764,1546997795,65.58,-170.99
78,Axim,100,28.17,28.17,3.32,44,1546977361,GH,1546928408,1546971100,4.87,-2.24
79,Mercedes,76,28.89,28.89,3.69,0,1546977362,UY,1546937557,1546988720,-33.25,-58.03
80,Jamestown,93,12.69,12.69,4.22,32,1546977362,AU,1546890344,1546941524,-33.21,138.6
81,Poum,60,-18.26,-18.26,0.79,32,1546977363,MK,1546927360,1546961141,41.28,20.71
82,Vanimo,100,28.32,28.32,6.62,68,1546977363,PG,1546893209,1546937377,-2.67,141.3
83,Wukari,34,22.67,22.67,3.19,0,1546977364,NG,1546925818,1546967920,7.87,9.78
84,Prainha,72,28.82,28.82,1.97,56,1546977365,BR,1546940056,1546984052,-1.8,-53.48
85,Leeton,68,19.0,19.0,2.1,0,1546974000,AU,1546888267,1546939855,-34.55,146.4
86,Hobart,50,12.0,12.0,6.2,20,1546975800,AU,1546886567,1546941100,-42.88,147.33
87,Saskylakh,0,-39.69,-39.69,4.14,0,1546977367,RU,0,0,71.97,114.09
88,Wamba,92,19.44,19.44,0.92,0,1546977367,CD,1546920883,1546964109,2.14,27.99
89,Butaritari,100,28.94,28.94,3.77,20,1546977368,KI,1546886213,1546929256,3.07,172.79
90,Khatanga,26,-28.01,-28.01,1.82,56,1546977368,RU,0,0,71.98,102.47
91,Esperance,58,30.0,30.0,7.2,20,1546974000,TT,1546943153,1546984786,10.24,-61.45
92,Merano,69,-3.0,3.0,6.2,75,1546975200,IT,1546930722,1546962368,46.67,11.16
93,Onega,94,-4.16,-4.16,1.92,92,1546977368,RU,1546931123,1546949047,63.91,38.09
94,Cobh,93,7.0,7.0,4.6,40,1546975800,IE,1546936685,1546965745,51.85,-8.29
95,Muros,81,7.0,9.0,3.6,0,1546975800,ES,1546934778,1546968018,42.77,-9.06
96,Kavieng,100,28.94,28.94,3.94,76,1546977370,PG,1546890938,1546935087,-2.57,150.8
97,Hami,58,-15.44,-15.44,0.12,76,1546977370,CN,1546910178,1546943370,42.84,93.51
98,Carbonia,76,10.0,11.0,2.1,40,1546975200,IT,1546929918,1546964430,39.17,8.53
99,San Policarpo,93,25.59,25.59,6.07,32,1546977371,PH,1546898470,1546939703,12.18,125.51
100,East London,99,22.77,22.77,0.22,76,1546977374,ZA,1546916953,1546968061,-33.02,27.91
101,Tasiilaq,97,0.0,0.0,20.6,92,1546973400,GL,1546950845,1546965687,65.61,-37.64
102,Torbay,79,-7.0,-7.0,9.8,90,1546975440,CA,1546946275,1546977491,47.66,-52.73
103,Faanui,100,28.44,28.44,2.47,56,1546977375,PF,1546962156,1547009129,-16.48,-151.75
104,Iqaluit,67,-32.0,-32.0,1.0,20,1546974000,CA,1546956551,1546974806,63.75,-68.52
105,Portland,73,5.0,8.3,4.1,90,1546973580,US,1546962586,1546994760,45.52,-122.67
106,Shenjiamen,99,9.77,9.77,8.34,92,1546977376,CN,1546901259,1546938461,29.96,122.3
107,Provideniya,77,-17.0,-17.0,12.0,12,1546975800,RU,1546982198,1546999436,64.42,-173.23
108,Roald,94,1.0,3.0,8.2,75,1546975200,NO,1546937811,1546957708,62.58,6.12
109,Ostrovnoy,88,-9.91,-9.91,6.64,80,1546977377,RU,1546936231,1546943260,68.05,39.51
110,Aklavik,65,-37.0,-30.0,1.0,5,1546974000,CA,1546978407,1546984879,68.22,-135.01
111,Monte Siao,66,27.89,27.89,2.02,32,1546977349,BR,1546936230,1546984551,-22.43,-46.57
112,Hithadhoo,100,27.77,27.77,5.54,80,1546977113,MV,1546909790,1546953552,-0.6,73.08
113,Arraial do Cabo,55,30.0,32.0,7.2,0,1546974000,BR,1546935074,1546983523,-22.97,-42.02
114,Hilo,63,21.7,21.7,2.6,1,1546973580,US,1546966615,1547006282,19.71,-155.08
115,Saldanha,77,-3.71,-3.71,1.17,0,1546977378,PT,1546933927,1546967663,41.42,-6.55
116,Nome,50,25.0,25.6,2.6,40,1546974900,US,1546953284,1546990492,30.04,-94.42
117,Petropavlovsk-Kamchatskiy,62,-6.0,-6.0,4.0,48,1546975800,RU,1546896990,1546925287,53.05,158.65
118,Vila Franca do Campo,67,16.0,16.0,7.7,20,1546974000,PT,1546937832,1546972822,37.72,-25.43
119,Khash,75,2.67,2.67,1.47,12,1546977379,IR,1546915697,1546953353,28.22,61.21
120,Tiznit,80,10.82,10.82,0.27,0,1546977380,MA,1546932913,1546970199,29.7,-9.73
121,Sechura,70,26.79,26.79,5.29,8,1546977380,PE,1546946250,1546990984,-5.56,-80.82
122,Kultuk,37,-17.36,-17.36,1.89,0,1546977381,RU,1546909781,1546938874,51.73,103.71
123,Castro,54,14.0,14.0,7.2,75,1546974000,CL,1546939749,1546994072,-42.48,-73.76
124,Ilulissat,85,-7.0,-7.0,5.1,75,1546973400,GL,0,0,69.22,-51.1
125,Coquimbo,49,22.0,22.0,7.7,0,1546974000,CL,1546941225,1546991446,-29.95,-71.34
126,Rocha,69,29.02,29.02,2.82,0,1546977382,UY,1546936485,1546988020,-34.48,-54.34
127,Oksfjord,79,-5.0,-2.0,1.0,40,1546975200,NO,0,0,70.24,22.35
128,Constitucion,30,22.0,22.0,1.92,75,1546973220,MX,1546954999,1546993696,23.99,-104.67
129,Tiksi,0,-37.49,-37.49,1.62,12,1546977383,RU,0,0,71.64,128.87
130,Kodiak,15,8.9,9.4,7.7,1,1546976100,US,1546954837,1546989106,39.95,-94.76
131,Fare,100,27.84,27.84,2.74,80,1546977384,PF,1546961957,1547008977,-16.7,-151.02
132,Vilyuysk,74,-27.41,-27.41,2.92,44,1546977384,RU,1546910970,1546929089,63.75,121.63
133,Mehamn,86,-3.0,-2.0,1.0,75,1546973400,NO,0,0,71.03,27.85
134,Zhezkazgan,62,-15.96,-15.96,1.72,48,1546977385,KZ,1546917409,1546948529,47.8,67.71
135,Deputatskiy,0,-37.19,-37.19,1.22,44,1546977385,RU,0,0,69.3,139.9
136,Longyearbyen,67,-7.0,-7.0,2.6,20,1546973400,NO,0,0,78.22,15.63
137,Avarua,57,26.0,26.0,2.1,40,1546974000,CK,1546963556,1547011582,-21.21,-159.78
138,Ardabil,50,1.0,1.0,4.1,0,1546973460,IR,1546920223,1546955030,38.25,48.3
139,Kabare,94,15.82,15.82,0.99,8,1546977387,RW,1546920178,1546964145,-1.65,29.38
140,Susaki,60,0.84,0.84,2.62,36,1546977387,JP,1546899096,1546935353,33.42,133.28
141,Kalmunai,96,21.69,21.69,3.42,48,1546977388,LK,1546908480,1546950669,7.42,81.82
142,Matay,76,3.77,3.77,1.69,0,1546977389,EG,1546923024,1546960633,28.42,30.79
143,Ponta Delgada,67,16.0,16.0,7.7,20,1546974000,PT,1546937891,1546972878,37.73,-25.67
144,Sao Filipe,93,23.42,23.42,5.27,0,1546977390,CV,1546934759,1546975440,14.9,-24.5
145,Qaanaaq,82,-25.59,-25.59,4.44,0,1546977391,GL,0,0,77.48,-69.36
146,Anloga,62,29.0,29.0,2.1,20,1546974000,GH,1546927744,1546970257,5.79,0.9
147,Koutsouras,100,10.02,10.02,4.77,0,1546977391,GR,1546925088,1546960895,35.03,25.95
148,Ahipara,69,22.77,22.77,1.67,24,1546977391,NZ,1546881743,1546933529,-35.17,173.16
149,Codrington,88,20.0,21.0,1.0,92,1546974000,AU,1546887431,1546937410,-28.95,153.24
150,Talnakh,83,-23.11,-23.11,1.17,48,1546977392,RU,0,0,69.49,88.39
151,Cayenne,62,29.0,29.0,5.1,75,1546975800,GF,1546940439,1546983119,4.94,-52.33
152,Avera,64,19.2,22.2,4.6,75,1546976100,US,1546950857,1546987211,33.19,-82.53
153,Marsh Harbour,100,24.29,24.29,2.62,12,1546977261,BS,1546948676,1546986764,26.54,-77.06
154,Monclova,28,23.0,23.0,2.14,40,1546972800,MX,1546954566,1546992569,26.9,-101.42
155,Hambantota,100,25.27,25.27,6.29,0,1546977393,LK,1546908519,1546950965,6.12,81.12
156,Saharsa,92,11.39,11.39,3.32,0,1546977393,IN,1546909317,1546947547,25.88,86.59
157,Westport,100,6.0,6.0,3.1,75,1546975800,IE,1546937569,1546965454,53.8,-9.52
158,Vila do Maio,57,24.0,24.0,7.2,0,1546974000,CV,1546934476,1546975109,15.13,-23.22
159,Vostok,65,-23.19,-23.19,2.07,8,1546977394,RU,1546900759,1546932471,46.45,135.83
160,Marsa Matruh,79,9.07,9.07,4.27,76,1546977394,EG,1546924256,1546961101,31.35,27.25
161,Breves,89,26.89,26.89,1.37,64,1546977394,BR,1546939348,1546983320,-1.68,-50.48
162,Port Alfred,97,21.64,21.64,2.84,92,1546977394,ZA,1546917113,1546968391,-33.59,26.89
163,Caravelas,98,27.32,27.32,5.64,0,1546977395,BR,1546935013,1546982266,-17.73,-39.27
164,Beatrice,48,8.0,8.5,10.8,1,1546974900,US,1546955370,1546989529,40.27,-96.75
165,Ara,100,13.0,13.0,7.7,75,1546974000,SY,1546922742,1546958344,35.71,36.15
166,Pombia,72,1.0,1.0,1.0,0,1546975200,IT,1546931108,1546963195,45.65,8.63
167,Dong Hoi,97,23.02,23.02,4.72,92,1546977396,VN,1546903562,1546943692,17.48,106.6
168,Dakar,33,25.0,25.0,5.1,0,1546975800,SN,1546933045,1546973769,14.69,-17.45
169,Tabasco,16,25.0,25.0,5.1,5,1546973280,MX,1546954333,1546993516,21.87,-102.91
170,Lucapa,95,20.27,20.27,1.14,76,1546977396,AO,1546921581,1546966888,-8.42,20.74
171,Ola,100,-8.56,-8.56,12.87,32,1546977397,RU,1546901275,1546924534,59.58,151.3
172,Victor Harbor,77,15.0,15.0,2.1,20,1546975800,AU,1546889978,1546941878,-35.55,138.62
173,Mwinilunga,79,19.29,19.29,2.74,20,1546977397,ZM,1546920358,1546966339,-11.73,24.43
174,Cuiaba,46,33.0,33.0,2.6,75,1546974000,BR,1546939285,1546986075,-15.6,-56.1
175,Melito di Porto Salvo,66,9.0,10.0,1.0,0,1546973700,IT,1546927976,1546962896,37.92,15.77
176,Purpe,80,-24.94,-24.94,2.07,76,1546977398,RU,1546922350,1546939287,64.48,76.69
177,Tura,82,9.64,9.64,1.37,0,1546977398,IN,1546908405,1546946721,25.52,90.21
178,Lagoa,81,12.0,12.0,1.5,0,1546974000,PT,1546933665,1546968836,37.14,-8.45
179,Kapaa,84,22.2,22.2,2.6,75,1546973760,US,1546967897,1547007037,22.08,-159.32
180,Vao,89,-2.49,-2.49,3.09,88,1546977398,EE,1546931049,1546954830,59.1,26.19
181,Sorong,100,27.09,27.09,5.32,80,1546977399,ID,1546895800,1546939613,-0.86,131.25
182,Abu Samrah,94,5.89,5.89,6.99,36,1546977399,SY,1546922433,1546958158,35.3,37.18
183,Borogontsy,0,-44.91,-44.91,1.22,0,1546977399,RU,1546907890,1546927587,62.67,131.17
184,Menongue,74,19.94,19.94,1.24,80,1546977400,AO,1546921671,1546968265,-14.66,17.68
185,Damghan,74,-2.46,-2.46,1.22,20,1546977400,IR,1546918446,1546953906,36.17,54.34
186,Damavand,48,5.0,5.0,0.94,0,1546975800,IR,1546918922,1546954520,35.72,52.07
187,Grand Gaube,83,27.0,27.0,6.2,40,1546974000,MU,1546911484,1546959254,-20.01,57.66
188,Williamsburg,67,15.2,17.5,1.5,40,1546976100,US,1546950067,1546985209,37.27,-76.71
189,Resistencia,79,28.0,30.0,3.6,75,1546974000,AR,1546938592,1546988150,-27.45,-58.99
190,San,27,21.42,21.42,4.27,20,1546977026,ML,1546929889,1546970899,13.3,-4.9
191,Taltal,65,19.94,19.94,2.17,0,1546977402,CL,1546941613,1546990652,-25.41,-70.49
192,Chalus,93,9.0,9.0,1.52,75,1546974000,IR,1546919222,1546954532,36.66,51.42
193,Clinton,52,5.5,7.2,10.8,1,1546976100,US,1546954074,1546987676,41.84,-90.19
194,Itarema,90,25.39,25.39,3.19,88,1546977403,BR,1546936691,1546980906,-2.92,-39.92
195,Ulladulla,100,19.0,19.0,2.6,20,1546974000,AU,1546887160,1546939002,-35.36,150.48
196,Carnarvon,31,22.34,22.34,3.72,0,1546977403,ZA,1546918637,1546969154,-30.97,22.13
197,Mtimbira,98,19.79,19.79,0.84,80,1546977403,TZ,1546917797,1546963177,-8.78,36.35
198,Acapulco,74,29.0,29.0,3.1,20,1546973340,MX,1546953059,1546993334,16.86,-99.88
199,Tena,70,28.0,30.0,2.1,75,1546974000,EC,1546945979,1546989816,-0.99,-77.82
200,Jumla,90,-8.41,-8.41,0.69,88,1546977404,NP,1546910800,1546948183,29.28,82.18
201,Baraya,33,17.64,17.64,5.57,0,1546977404,NE,1546927067,1546968027,13.54,6.96
202,Navolato,61,26.0,26.0,1.5,40,1546972800,MX,1546955816,1546994334,24.76,-107.7
203,La Rioja,26,34.54,34.54,2.64,0,1546977405,AR,1546940222,1546990297,-29.41,-66.86
204,Tomatlan,72,27.94,27.94,1.79,8,1546977405,MX,1546954679,1546994293,19.93,-105.25
205,Broome,81,5.6,6.0,3.6,75,1546975200,GB,1546934528,1546963226,52.47,1.45
206,Toguchin,78,-9.06,-9.06,4.97,64,1546977405,RU,1546915521,1546942407,55.24,84.4
207,Trapani,76,12.0,12.0,7.7,40,1546975200,IT,1546928767,1546963655,38.02,12.54
208,Yaan,30,23.27,23.27,3.92,0,1546977405,NG,1546926060,1546968259,7.38,8.57
209,Sitka,24,11.92,11.92,4.89,0,1546977406,US,1546955556,1546990733,37.17,-99.65
210,The Valley,61,27.0,27.0,6.2,40,1546974000,AI,1546944366,1546984349,18.22,-63.06
211,Leh,68,-26.41,-26.41,0.79,64,1546977406,IN,1546912570,1546948623,34.16,77.58
212,Juwana,100,23.34,23.34,1.92,76,1546977407,ID,1546900047,1546945014,-6.71,111.15
213,Meulaboh,100,25.94,25.94,1.29,88,1546977407,ID,1546904721,1546947555,4.14,96.13
214,Quang Ngai,100,20.29,20.29,1.04,100,1546977407,VN,1546902784,1546943412,15.12,108.8
215,Izumo,59,3.0,3.0,7.7,75,1546974000,JP,1546899507,1546935197,35.37,132.75
216,Broken Hill,59,17.0,17.0,9.3,0,1546974000,AU,1546889841,1546940659,-31.97,141.45
217,San Francisco,87,13.9,14.4,7.7,90,1546976400,US,1546961117,1546996106,37.78,-122.42
218,Dosso,27,19.82,19.82,3.49,92,1546977409,NE,1546927921,1546968982,13.05,3.19
219,Brae,69,3.0,4.0,10.3,48,1546975200,GB,1546938303,1546960800,60.4,-1.35
220,Anadyr,65,-13.0,-13.0,6.0,48,1546974000,RU,1546898411,1546914818,64.73,177.51
221,Klaksvik,74,1.0,1.0,0.5,8,1546975200,FO,1546940628,1546960994,62.23,-6.59
222,Norman Wells,65,-40.0,-40.0,1.14,20,1546974000,CA,1546971874,1546987482,65.28,-126.83
223,Ponta do Sol,96,22.17,22.17,1.74,32,1546977411,BR,1546936303,1546984206,-20.63,-46.0
224,Hofn,97,4.49,4.49,8.02,80,1546977411,IS,1546944179,1546961583,64.25,-15.21
225,Padang,100,26.82,26.82,1.44,64,1546977411,ID,1546903210,1546947034,-0.92,100.36
226,Krasnoarmeysk,92,-9.0,-9.0,4.0,90,1546975800,RU,1546926934,1546953201,56.12,38.15
227,Chernyshevskiy,69,-17.24,-17.24,1.07,56,1546977412,RU,1546912611,1546931845,63.01,112.47
228,Grootfontein,28,23.84,23.84,6.12,0,1546977412,NA,1546921034,1546968699,-19.56,18.1
229,Kisangani,95,23.02,23.02,1.17,44,1546977412,CD,1546921392,1546964935,0.52,25.21
230,Kangaatsiaq,100,-11.71,-11.71,10.69,64,1546977413,GL,1546959213,1546964918,68.31,-53.46
231,El Bagre,84,27.69,27.69,1.47,44,1546977413,CO,1546946095,1546988253,7.6,-74.8
232,Flinders,100,19.0,19.0,2.6,0,1546974000,AU,1546887193,1546938792,-34.58,150.85
233,Saravan,55,1.0,4.0,3.1,75,1546975800,AM,1546921103,1546955423,39.72,45.65
234,Amasia,71,-5.41,-5.41,1.97,44,1546977414,TR,1546921568,1546955765,40.08,43.97
235,Cairns,88,24.0,24.0,2.1,0,1546975800,AU,1546890673,1546937762,-16.92,145.77
236,Sorland,100,3.0,3.0,10.3,75,1546973400,NO,1546941759,1546950610,67.67,12.69
237,Lakes Entrance,100,16.89,16.89,4.54,80,1546977329,AU,1546887343,1546940013,-37.88,147.99
238,Oranjemund,94,17.52,17.52,1.84,88,1546977415,ZA,1546920337,1546970192,-28.55,16.43
239,Souillac,100,8.0,8.0,2.1,90,1546975800,FR,1546933312,1546965423,45.6,-0.6
240,Severo-Kurilsk,100,-3.61,-3.61,7.74,56,1546977415,RU,1546896916,1546926573,50.68,156.12
241,Los Llanos de Aridane,68,19.0,19.0,2.1,20,1546975800,ES,1546934745,1546972299,28.66,-17.92
242,Kolondieba,26,24.39,24.39,4.49,20,1546977416,ML,1546930142,1546971601,11.09,-6.89
243,Kudahuvadhoo,100,27.92,27.92,7.12,24,1546977416,MV,1546910156,1546953278,2.67,72.89
244,San Cristobal,63,17.0,17.0,1.5,75,1546974000,EC,1546946213,1546989933,-0.39,-78.55
245,Clyde River,84,-19.0,-19.0,12.9,90,1546974000,CA,0,0,70.47,-68.59
246,Othaya,88,14.02,14.02,1.39,88,1546977417,KE,1546918469,1546962221,-0.55,36.95
247,Baijiantan,34,-30.86,-30.86,1.17,12,1546977417,CN,1546912736,1546944813,45.63,85.18
248,Jalu,87,5.92,5.92,1.14,0,1546977417,LY,1546925319,1546962774,29.03,21.55
249,Puerto Colombia,62,31.0,31.0,5.1,20,1546974000,CO,1546946472,1546987954,10.99,-74.96
250,Omboue,100,26.44,26.44,2.02,36,1546977418,GA,1546925017,1546968968,-1.57,9.26
251,Hasaki,86,1.0,2.0,3.1,75,1546975800,JP,1546897622,1546933202,35.73,140.83
252,Port Hardy,69,3.0,3.0,15.9,90,1546974240,CA,1546964949,1546994680,50.7,-127.42
253,Chapais,85,-8.0,-8.0,3.6,90,1546974000,CA,1546952099,1546982294,49.78,-74.86
254,Matara,54,15.0,15.0,5.1,75,1546974000,PE,1546943517,1546989911,-13.74,-72.9
255,Moron,58,25.54,25.54,2.52,8,1546977419,VE,1546944799,1546986381,10.49,-68.2
256,Camacha,63,16.0,17.0,4.6,75,1546974000,PT,1546934954,1546971329,33.08,-16.33
257,Sobolevo,78,-12.96,-12.96,5.22,56,1546977421,RU,1546927838,1546955297,54.43,31.9
258,Wenling,100,7.32,7.32,7.02,92,1546977421,CN,1546901276,1546938885,28.38,121.38
259,Tessalit,26,13.02,13.02,2.42,80,1546977421,ML,1546929203,1546968750,20.2,1.01
260,Weert,75,5.0,7.0,4.1,75,1546975500,NL,1546933158,1546962550,51.25,5.71
261,Batagay-Alyta,0,-43.51,-43.51,1.17,8,1546977422,RU,1546913882,1546921964,67.8,130.41
262,Magistralnyy,72,-11.59,-11.59,2.49,76,1546977423,RU,1546910329,1546936532,56.17,107.45
263,Bilma,50,8.77,8.77,1.59,24,1546977423,NE,1546926179,1546966055,18.69,12.92
264,Port-Gentil,83,27.0,27.0,1.5,20,1546974000,GA,1546925215,1546969000,-0.72,8.78
265,Krasnik,85,-4.0,-4.0,4.1,90,1546975800,PL,1546929104,1546958672,50.92,22.23
266,Victoria,94,27.0,27.0,0.5,75,1546975800,BN,1546900246,1546942856,5.28,115.24
267,Pandan,100,25.77,25.77,9.24,92,1546977425,PH,1546899244,1546940571,11.72,122.09
268,Monmouth,86,4.0,6.2,4.6,75,1546975200,GB,1546935338,1546964419,51.81,-2.72
269,North Las Vegas,58,10.6,12.2,1.5,75,1546974900,US,1546959116,1546994596,36.2,-115.11
270,Ekhabi,79,-22.31,-22.31,5.97,0,1546977425,RU,1546900894,1546928911,53.51,142.97
271,Hamilton,55,17.0,17.0,2.1,75,1546973700,BM,1546946473,1546983072,32.3,-64.78
272,Aranda de Duero,78,-5.19,-5.19,0.99,0,1546977426,ES,1546933286,1546966931,41.67,-3.69
273,Worcester,80,4.0,6.2,4.6,0,1546975200,GB,1546935327,1546964189,52.19,-2.22
274,Mirskoy,89,-3.44,-3.44,5.84,68,1546977426,RU,1546923462,1546955588,45.54,40.4
275,Bambous Virieux,83,27.0,27.0,6.2,40,1546974000,MU,1546911422,1546959268,-20.34,57.76
276,Sohag,84,4.57,4.57,2.29,0,1546977427,EG,1546922573,1546960646,26.55,31.7
277,Turukhansk,71,-23.74,-23.74,3.82,44,1546977427,RU,1546920961,1546935266,65.8,87.96
278,South Lake Tahoe,70,1.0,6.0,2.1,1,1546974900,US,1546960718,1546995334,38.93,-119.98
279,Vaitape,100,26.89,26.89,0.84,64,1546977427,PF,1546962152,1547009133,-16.52,-151.75
280,Miles City,53,-1.1,-1.1,6.7,1,1546973580,US,1546958738,1546990527,46.41,-105.84
281,Kaitangata,78,15.57,15.57,2.02,68,1546977428,NZ,1546880410,1546936440,-46.28,169.85
282,Port Blair,100,26.57,26.57,0.34,20,1546977428,IN,1546906282,1546947620,11.67,92.75
283,Beringovskiy,87,-5.41,-5.41,14.59,92,1546977428,RU,1546896612,1546915746,63.05,179.32
284,Shamkhal,86,3.0,3.0,7.0,90,1546975800,RU,1546921301,1546954419,43.06,47.33
285,Walvis Bay,68,19.0,19.0,4.6,0,1546974000,NA,1546921502,1546969952,-22.95,14.51
286,Neryungri,61,-23.31,-23.31,2.12,56,1546977429,RU,1546906376,1546932198,56.66,124.71
287,Cabo San Lucas,65,25.0,26.0,2.1,20,1546972800,MX,1546956129,1546995081,22.89,-109.91
288,Channel-Port aux Basques,100,-1.96,-1.96,6.29,48,1546977429,CA,1546947792,1546979051,47.57,-59.14
289,Jhalida,88,9.17,9.17,2.47,0,1546977429,IN,1546909165,1546947991,23.36,85.98
290,Morehead,51,16.5,18.0,8.7,75,1546976100,US,1546951824,1546986678,38.18,-83.43
291,Mpika,95,17.79,17.79,1.27,56,1546977430,ZM,1546918673,1546964677,-11.84,31.4
292,Yeppoon,94,23.0,23.0,2.1,75,1546975800,AU,1546888770,1546937276,-23.13,150.74
293,Araguaina,69,28.89,28.89,1.67,36,1546977167,BR,1546938259,1546983317,-7.19,-48.21
294,Billingham,84,2.0,5.0,4.1,0,1546975200,GB,1546935860,1546963211,54.61,-1.29
295,Melville,70,-18.0,-18.0,9.8,40,1546975260,CA,1546959106,1546988707,50.93,-102.81
296,Egvekinot,0,-39.19,-39.19,2.07,0,1546977431,RU,1546985572,1546998916,66.32,-179.17
297,Kampot,83,25.0,26.0,1.5,20,1546975800,KH,1546903432,1546944982,10.62,104.18
298,Miyako,44,5.0,5.0,7.7,75,1546975800,JP,1546899687,1546935885,33.63,130.94
299,Kieta,100,26.77,26.77,1.67,12,1546977431,PG,1546889417,1546934288,-6.22,155.63
300,Lompoc,67,15.6,17.8,5.1,1,1546976100,US,1546960168,1546996112,34.64,-120.46
301,Borba,70,6.0,6.0,1.0,0,1546974000,PT,1546933696,1546968330,38.81,-7.46
302,Nishihara,56,-1.2,7.0,9.8,20,1546975800,JP,1546897936,1546933513,35.74,139.53
303,Impfondo,90,23.52,23.52,0.99,20,1546977432,CD,1546923216,1546966544,1.62,18.06
304,Pontianak,100,25.02,25.02,1.24,48,1546977432,ID,1546901142,1546944790,-0.02,109.34
305,Isagarh,84,7.07,7.07,1.59,0,1546977432,IN,1546911280,1546949761,24.84,77.89
306,Kushima,100,5.39,5.39,4.37,76,1546977432,JP,1546899307,1546936097,31.5,131.29
307,Cherskiy,0,-27.21,-27.21,2.47,0,1546977432,RU,0,0,68.75,161.3
308,Perelyub,70,-18.69,-18.69,1.97,64,1546977433,RU,1546922618,1546951648,51.87,50.37
309,Port Macquarie,93,19.0,19.0,3.69,92,1546974000,AU,1546887167,1546937831,-31.43,152.91
310,Casino,88,20.0,21.0,1.44,92,1546974000,AU,1546887489,1546937444,-28.86,153.05
311,Tevaitoa,100,27.84,27.84,2.74,80,1546977433,PF,1546962064,1547009101,-16.78,-151.5
312,Uvat,70,-11.61,-11.61,3.24,76,1546977433,RU,1546920825,1546944548,59.14,68.9
313,Cidreira,100,22.89,22.89,5.97,92,1546977434,BR,1546936123,1546986407,-30.17,-50.22
314,Elat,93,21.59,21.59,1.52,32,1546977434,CM,1546924999,1546968075,2.91,11.16
315,Cabedelo,66,29.0,29.0,6.2,40,1546974000,BR,1546935071,1546980086,-6.97,-34.84
316,Kahului,57,20.6,23.9,2.39,20,1546973760,US,1546967079,1547006486,20.89,-156.47
317,Tari,31,19.04,19.04,3.14,0,1546977435,NG,1546927544,1546968735,12.41,4.49
318,Healdsburg,100,10.0,11.7,2.1,75,1546975020,US,1546961359,1546996080,38.61,-122.87
319,Barinas,59,30.92,30.92,4.19,20,1546977436,VE,1546945101,1546987053,8.64,-70.23
320,Morgan City,62,22.8,24.0,3.1,75,1546976100,US,1546952469,1546989765,29.7,-91.21
321,Chinchani,83,12.29,12.29,1.49,0,1546977437,IN,1546911147,1546951504,16.42,74.53
322,Sola,100,-5.0,-5.0,0.5,90,1546975200,FI,1546932375,1546951986,62.78,29.36
323,Ixtapa,65,27.0,27.0,2.6,40,1546972920,MX,1546954755,1546994198,20.71,-105.21
324,Nacogdoches,73,20.6,21.9,1.5,40,1546976100,US,1546953549,1546990343,31.6,-94.66
325,Surgut,84,-16.0,-16.0,2.0,90,1546975800,RU,1546920849,1546942365,61.25,73.4
326,Saint-Pierre,80,5.0,6.0,6.2,75,1546975800,FR,1546932913,1546963500,48.95,4.24
327,Taoudenni,36,10.19,10.19,3.77,8,1546977440,ML,1546930679,1546969670,22.68,-3.98
328,Nuevo Progreso,61,23.9,27.2,4.1,90,1546976100,US,1546953630,1546991839,26.05,-97.95
329,Trelew,20,21.07,21.07,7.82,32,1546977440,AR,1546937563,1546992200,-43.25,-65.31
330,Plettenberg Bay,100,18.84,18.84,0.77,76,1546977440,ZA,1546917889,1546969305,-34.05,23.37
331,Mucurapo,58,30.0,30.0,7.2,20,1546974000,TT,1546943216,1546984762,10.67,-61.53
332,Chuy,82,27.24,27.24,5.52,0,1546977428,UY,1546936394,1546987689,-33.69,-53.46
333,Wasilla,82,-17.8,-13.3,0.94,75,1546973880,US,1546974477,1546995732,61.58,-149.44
334,Najran,50,19.0,19.0,0.89,0,1546974000,SA,1546918542,1546958663,17.54,44.22
335,Gat,33,25.0,25.0,5.1,0,1546975800,SN,1546932826,1546973551,14.69,-16.54
336,Kawalu,98,19.24,19.24,0.72,64,1546977441,ID,1546900686,1546945787,-7.38,108.21
337,Lamu,100,21.69,21.69,1.37,36,1546977442,ID,1546898089,1546941622,0.57,122.3
338,Banjar,96,20.79,20.79,0.92,48,1546977442,ID,1546900607,1546945707,-7.37,108.54
339,Mangrol,83,6.52,6.52,1.29,0,1546977442,IN,1546911670,1546950034,25.33,76.51
340,Roros,86,-3.0,-3.0,8.2,90,1546975200,NO,1546936543,1546956451,62.57,11.38
341,Port Lincoln,94,16.19,16.19,4.59,32,1546977442,AU,1546890772,1546942411,-34.72,135.86
342,Pangkalanbuun,97,22.34,22.34,1.27,36,1546977442,ID,1546900334,1546944503,-2.68,111.62
343,Inhambane,74,27.0,27.0,2.1,0,1546974000,MZ,1546916380,1546965053,-23.87,35.38
344,Bubaque,91,27.49,27.49,1.69,24,1546977443,GW,1546932307,1546973728,11.28,-15.83
345,Baltasi,85,-10.91,-10.91,3.97,88,1546977443,RU,1546924124,1546950221,56.34,50.21
346,Dingle,88,23.94,23.94,6.12,64,1546977443,PH,1546899032,1546940504,11.0,122.67
347,Jiayuguan,61,-18.26,-18.26,0.89,76,1546977444,CN,1546908479,1546942772,39.77,98.29
348,Bandrele,79,29.0,29.0,2.6,40,1546975800,YT,1546915251,1546961478,-12.91,45.19
349,Woodward,23,11.0,11.1,6.2,1,1546976100,US,1546955379,1546990785,36.43,-99.39
350,Tres Picos,43,27.57,27.57,2.14,12,1546977444,MX,1546951480,1546991888,16.23,-93.58
351,Ararangua,99,23.67,23.67,3.52,92,1546977444,BR,1546936116,1546986064,-28.93,-49.49
352,Porto Empedocle,97,10.94,10.94,6.79,80,1546977445,IT,1546928414,1546963534,37.29,13.53
353,Naze,43,23.52,23.52,2.39,0,1546977445,NG,1546926228,1546968811,5.43,7.07
354,Kirakira,100,28.79,28.79,6.19,12,1546977445,SB,1546887478,1546933205,-10.46,161.92
355,Baneasa,70,-10.46,-10.46,3.59,0,1546977445,RO,1546926207,1546958940,44.06,27.7
356,Trairi,100,26.27,26.27,6.09,80,1546977445,BR,1546936500,1546980785,-3.28,-39.27
357,Lukovo,78,-8.0,-8.0,2.1,44,1546975800,BG,1546927012,1546960204,42.88,23.39
358,Obo,72,17.67,17.67,1.29,0,1546977446,CF,1546921562,1546964152,5.39,26.49
359,Copperas Cove,35,18.1,24.1,4.1,1,1546976100,US,1546954262,1546991185,31.12,-97.9
360,Isla Mujeres,69,28.0,28.0,3.1,75,1546972980,MX,1546950378,1546989703,21.23,-86.73
361,Alamogordo,88,9.3,12.0,1.5,1,1546976100,US,1546956440,1546992878,32.9,-105.96
362,Riberalta,81,27.09,27.09,1.34,88,1546977446,BO,1546942164,1546987991,-11.0,-66.08
363,Mastic Beach,92,7.8,9.4,2.6,90,1546976100,US,1546949721,1546983702,40.77,-72.85
364,Pochutla,52,28.0,31.0,3.6,40,1546973100,MX,1546952122,1546992633,15.74,-96.47
365,Yakhroma,92,-9.0,-9.0,4.0,90,1546975800,RU,1546927158,1546953299,56.29,37.48
366,Dunedin,82,16.27,16.27,4.19,44,1546977447,NZ,1546880350,1546936188,-45.87,170.5
367,Geraldton,73,-5.0,-5.0,3.1,75,1546974000,CA,1546954984,1546985213,49.72,-86.95
368,Suoyarvi,93,-3.21,-3.21,1.39,88,1546977447,RU,1546931195,1546951729,62.08,32.35
369,Kasempa,96,18.64,18.64,1.74,88,1546977448,ZM,1546919841,1546966183,-13.46,25.83
370,Waitati,82,16.27,16.27,4.19,44,1546977448,NZ,1546880361,1546936144,-45.75,170.57
371,Mackenzie,84,-18.0,-18.0,1.07,20,1546977240,CA,1546965329,1546992224,55.34,-123.09
372,Beba,48,29.0,29.0,4.1,40,1546973520,CU,1546948834,1546987886,22.44,-79.73
373,Potsdam,86,3.0,3.0,5.7,75,1546975200,DE,1546931722,1546960457,52.4,13.06
374,Weiser,52,3.3,3.3,2.6,1,1546973580,US,1546960959,1546993650,44.25,-116.97
375,Patacamaya,23,19.24,19.24,2.97,36,1546977449,BO,1546941947,1546989088,-17.23,-67.92
376,Porto Novo,52,31.0,31.0,2.1,40,1546974000,BR,1546935810,1546984429,-23.68,-45.44
377,Kaeo,59,23.02,23.02,1.89,12,1546977449,NZ,1546881606,1546933370,-35.1,173.78
378,Stonewall,78,-13.0,-13.0,11.8,90,1546974000,CA,1546957580,1546987602,50.13,-97.33
379,Amambai,70,29.39,29.39,4.09,80,1546977450,BR,1546938229,1546986710,-23.11,-55.23
380,Tralee,43,12.1,18.0,3.64,75,1546976100,US,1546951238,1546986289,37.56,-81.4
381,Korem,76,2.39,2.39,0.57,0,1546977450,ET,1546919145,1546960315,12.51,39.52
382,Timbuktu,27,18.42,18.42,3.49,92,1546977450,ML,1546929797,1546970085,16.77,-3.01
383,Lasa,100,11.0,11.0,12.3,75,1546975800,CY,1546923493,1546959331,34.92,32.53
384,Bonfim,54,28.0,28.0,5.1,75,1546974000,BR,1546935915,1546983749,-20.33,-44.24
385,Tigil,54,-23.96,-23.96,0.69,8,1546977451,RU,1546898693,1546923576,57.8,158.67
386,Lunglei,90,9.74,9.74,1.07,0,1546977452,IN,1546907486,1546946420,22.89,92.75
387,Elizabeth City,76,16.7,19.3,6.52,1,1546976100,US,1546949799,1546985241,36.3,-76.22
388,Nador,76,11.0,11.0,1.5,0,1546975800,MA,1546932040,1546967810,35.17,-2.93
389,Pacific Grove,72,12.8,17.0,1.5,90,1546975200,US,1546960815,1546996167,36.62,-121.92
390,Cam Ranh,78,26.0,26.0,3.1,20,1546975800,VN,1546902371,1546943657,11.92,109.15
391,Quatre Cocos,83,27.0,27.0,6.2,40,1546974000,MU,1546911437,1546959253,-20.21,57.76
392,Chicama,83,25.0,25.0,4.1,40,1546974000,PE,1546945622,1546990809,-7.84,-79.15
393,Lokoja,63,21.14,21.14,1.27,0,1546977453,NG,1546926541,1546968657,7.8,6.74
394,Raha,38,16.64,16.64,3.62,0,1546977453,NG,1546926516,1546968015,10.89,8.13
395,Sungaipenuh,97,19.77,19.77,0.12,88,1546977454,ID,1546902851,1546946903,-2.08,101.38
396,Nara,52,7.0,7.0,13.9,90,1546975800,JP,1546898673,1546934566,34.68,135.8
397,San Jose,88,20.39,20.39,1.24,48,1546977454,PH,1546899929,1546940415,15.79,120.99
398,Santa Cruz,87,12.8,15.0,2.84,90,1546974600,US,1546960896,1546996139,36.97,-122.03
399,Havre-Saint-Pierre,66,-11.0,-11.0,4.1,75,1546974000,CA,1546949513,1546979473,50.23,-63.6
400,High Level,62,-19.74,-19.74,2.29,20,1546977456,CA,1546965157,1546989537,58.52,-117.13
401,Fortuna,81,9.0,9.0,2.1,0,1546975800,ES,1546932074,1546966913,38.18,-1.13
402,Grindavik,100,5.0,6.0,14.4,90,1546975800,IS,1546945574,1546963654,63.84,-22.43
403,Moratuwa,78,24.0,24.0,4.6,0,1546974600,LK,1546908881,1546951199,6.77,79.88
404,Gigmoto,100,24.19,24.19,5.79,92,1546977457,PH,1546898903,1546939808,13.78,124.39
405,Batemans Bay,100,19.09,19.09,1.47,64,1546977458,AU,1546887176,1546939130,-35.71,150.18
406,Nouadhibou,66,18.34,18.34,5.67,0,1546977458,MR,1546933614,1546973001,20.93,-17.03
407,Phalodi,86,7.07,7.07,1.27,0,1546977458,IN,1546912885,1546950812,27.13,72.36
408,Umm Lajj,100,13.67,13.67,3.59,0,1546977458,SA,1546921051,1546959493,25.02,37.27
409,Homer,87,-10.0,-8.3,4.39,40,1546974120,US,1546973933,1546997283,59.64,-151.54
410,San Patricio,92,26.92,26.92,1.79,100,1546977459,PY,1546938134,1546987571,-26.98,-56.83
411,Sao Felix do Xingu,83,26.17,26.17,1.02,12,1546977459,BR,1546939221,1546984170,-6.64,-51.99
412,Serenje,98,19.14,19.14,2.07,92,1546977459,ZM,1546918811,1546965105,-13.23,30.22
413,Tarpa,100,-7.0,-7.0,3.6,90,1546974000,HU,1546928320,1546959311,48.1,22.53
414,Ketchikan,92,-1.1,1.7,2.6,1,1546973760,US,1546967382,1546994281,55.34,-131.65
415,Mamou,67,21.92,21.92,0.84,76,1546977460,GN,1546931315,1546972919,10.37,-12.08
416,Parola,78,8.67,8.67,0.89,0,1546977460,IN,1546911492,1546950882,20.88,75.11
417,Port Moresby,99,27.94,27.94,2.97,0,1546977460,PG,1546891123,1546936647,-9.47,147.16
418,Ayagoz,84,-5.21,-5.21,7.19,80,1546977461,KZ,1546914394,1546945436,47.96,80.43
419,Taonan,39,-13.76,-13.76,7.37,0,1546977461,CN,1546903652,1546935843,45.34,122.78
420,Rabo de Peixe,67,16.0,16.0,7.7,20,1546974000,PT,1546937880,1546972846,37.8,-25.58
421,Madukkarai,64,21.0,21.0,1.5,0,1546974000,IN,1546909998,1546951490,10.91,76.95
422,Ambilobe,100,22.04,22.04,1.22,92,1546977461,MG,1546914295,1546960581,-13.19,49.05
423,Merauke,98,26.34,26.34,3.64,24,1546977462,ID,1546892846,1546938171,-8.49,140.4
424,Rock Springs,70,-3.3,-3.3,2.6,40,1546974960,US,1546958590,1546992287,41.59,-109.2
425,Pitsunda,86,5.0,5.0,4.0,90,1546975800,GE,1546922998,1546956079,43.16,40.34
426,Eyl,100,23.52,23.52,7.44,92,1546977463,SO,1546916217,1546958296,7.98,49.82
427,Banda Aceh,100,22.77,22.77,0.92,32,1546977464,ID,1546905055,1546947611,5.56,95.32
428,Newport,86,3.0,5.0,4.6,75,1546975200,GB,1546935342,1546964548,51.59,-3.0
429,Durres,58,-1.0,-1.0,2.1,75,1546977000,AL,1546927672,1546961439,41.32,19.44
430,Sorbhog,81,8.24,8.24,1.02,20,1546977464,IN,1546908365,1546946444,26.5,90.87
431,Boffa,72,25.92,25.92,1.67,76,1546977465,GN,1546931766,1546973409,10.18,-14.04
432,Vila,94,1.0,1.0,1.0,32,1546975200,IT,1546931065,1546963349,45.18,8.4
433,Namibe,100,22.74,22.74,1.69,0,1546977465,AO,1546922943,1546969649,-15.19,12.15
434,Caramay,100,26.59,26.59,7.37,48,1546977465,PH,1546899772,1546941410,10.18,119.24
435,Tromso,74,0.0,1.0,3.6,20,1546975200,NO,0,0,69.65,18.96
436,Sambava,100,25.32,25.32,1.79,92,1546977466,MG,1546913912,1546960425,-14.27,50.17
437,Belmonte,72,0.34,0.34,2.84,0,1546977466,PT,1546933932,1546968042,40.36,-7.35
438,Ust-Tsilma,75,-27.36,-27.36,1.27,0,1546977466,RU,1546929150,1546944270,65.44,52.15
439,Mildura,72,16.0,16.0,5.1,0,1546974000,AU,1546889342,1546940816,-34.18,142.16
440,Makat,73,-14.19,-14.19,1.37,12,1546977467,KZ,1546920820,1546952013,47.65,53.35
441,Qaqortoq,96,-0.24,-0.24,1.67,92,1546977467,GL,1546949190,1546971367,60.72,-46.03
442,Ampanihy,95,22.27,22.27,3.29,0,1546977467,MG,1546914030,1546962904,-24.69,44.75
443,Luderitz,80,15.69,15.69,6.07,0,1546977467,NA,1546920890,1546970251,-26.65,15.16
444,Fonte Boa,82,28.29,28.29,2.24,48,1546977468,BR,1546943014,1546987148,-2.51,-66.09
445,Aasiaat,100,-10.71,-10.71,10.47,68,1546977468,GL,1546961292,1546962557,68.71,-52.87
446,Mazyr,80,-13.11,-13.11,5.17,20,1546977468,BY,1546927731,1546956665,52.05,29.27
447,Siocon,97,26.64,26.64,7.57,0,1546977468,PH,1546898706,1546940172,11.03,124.04
448,Sierra Vista,59,10.6,18.9,4.1,1,1546975140,US,1546957296,1546994105,31.55,-110.3
449,Sabang,100,24.07,24.07,4.22,92,1546977468,PH,1546899091,1546940009,13.72,123.58
450,Iacu,60,27.24,27.24,4.64,80,1546977469,BR,1546935769,1546981963,-12.77,-40.21
451,Salalah,69,25.0,25.0,2.6,20,1546973400,OM,1546916114,1546956347,17.01,54.1
452,Jos,51,13.29,13.29,1.79,0,1546977469,NG,1546926234,1546967927,9.92,8.9
453,Graham,51,16.0,20.0,5.1,1,1546976700,US,1546950527,1546986040,36.07,-79.4
454,Davenport,58,5.6,8.0,10.8,1,1546976100,US,1546954109,1546987827,41.52,-90.58
455,Bilibino,19,-24.96,-24.96,2.37,0,1546977470,RU,1546905923,1546912625,68.06,166.44
456,Pisco,30,22.0,22.0,4.6,0,1546974000,PE,1546944312,1546990700,-13.71,-76.2
457,Mopipi,50,27.77,27.77,4.77,20,1546977471,BW,1546919223,1546967263,-21.2,24.86
458,Sisimiut,100,-15.31,-15.31,0.79,68,1546977471,GL,1546956365,1546967865,66.94,-53.67
459,Caohai,93,1.67,1.67,1.17,92,1546977472,CN,1546905192,1546943179,26.87,104.28
460,Troitsko-Pechorsk,68,-13.74,-13.74,2.94,64,1546977472,RU,1546925894,1546945584,62.71,56.19
461,Hobyo,81,24.92,24.92,7.47,44,1546977472,SO,1546916267,1546958865,5.35,48.53
462,Alice Springs,19,19.0,19.0,3.1,0,1546975800,AU,1546892749,1546941391,-23.7,133.88
463,Hovd,86,1.0,3.0,4.6,75,1546975200,NO,1546937624,1546955697,63.83,10.7
464,Bennettsville,49,20.0,21.7,6.7,40,1546977300,US,1546950378,1546986322,34.62,-79.68
465,Guerrero Negro,48,21.77,21.77,1.89,0,1546977473,MX,1546957728,1546995467,27.97,-114.04
466,Batagay,0,-48.96,-48.96,1.12,20,1546977473,RU,1546912542,1546921273,67.65,134.64
467,Vila Velha,78,28.0,28.0,4.6,40,1546974000,BR,1546936296,1546980666,-3.71,-38.6
468,Bose,52,1.0,1.0,2.1,0,1546975200,IT,1546931217,1546963384,45.46,8.01
469,Togur,85,-14.96,-14.96,3.59,56,1546977473,RU,1546917127,1546941557,58.36,82.83
470,Yar-Sale,90,-26.16,-26.16,1.94,0,1546977474,RU,1546926389,1546938063,66.83,70.83
471,Mandalgovi,63,-21.49,-21.49,3.77,0,1546977474,MN,1546907703,1546939720,45.76,106.27
472,Praia da Vitoria,87,16.0,16.0,10.24,40,1546974000,PT,1546938389,1546973053,38.73,-27.07
473,Taunggyi,98,13.67,13.67,1.02,64,1546977474,MM,1546906220,1546945630,20.78,97.03
474,Kantabanji,81,7.44,7.44,0.92,0,1546977474,IN,1546909572,1546949053,20.47,82.92
475,Bosaso,100,23.54,23.54,2.87,92,1546977475,SO,1546916701,1546958120,11.28,49.18
476,Gazojak,97,1.07,1.07,1.74,80,1546977475,TM,1546917580,1546951385,41.19,61.4
477,Flin Flon,71,-15.0,-15.0,8.2,90,1546974000,CA,1546960044,1546987325,54.77,-101.88
478,Maniitsoq,100,-8.31,-8.31,5.74,48,1546977475,GL,1546954301,1546969558,65.42,-52.9
479,Aosta,75,1.0,1.0,2.1,0,1546975200,IT,1546931442,1546963491,45.74,7.32
480,Bailleul,81,6.0,7.0,7.2,75,1546975800,FR,1546933734,1546963405,50.74,2.73
481,Te Anau,55,15.77,15.77,2.04,56,1546977476,NZ,1546881124,1546936750,-45.41,167.72
482,Copiapo,44,24.0,24.0,5.1,0,1546974000,CL,1546941326,1546990861,-27.37,-70.33
483,Synya,62,-25.44,-25.44,2.27,0,1546977476,RU,1546927666,1546942926,65.37,58.04
484,Puerto Narino,100,23.0,23.0,1.5,90,1546975500,CO,1546943920,1546988301,-3.77,-70.38
485,Anqing,100,2.49,2.49,7.14,100,1546977477,CN,1546902594,1546939651,30.51,117.04
486,Gucheng,93,-0.71,-0.71,3.54,92,1546977479,CN,1546904126,1546940708,32.27,111.65
487,Kruisfontein,96,17.67,17.67,3.27,92,1546977479,ZA,1546917570,1546968971,-34.0,24.73
488,Ouesso,91,24.99,24.99,1.24,20,1546977479,CG,1546923698,1546967028,1.61,16.05
489,Smithers,84,-16.0,-16.0,1.0,75,1546974000,CA,1546966114,1546993397,54.78,-127.17
490,Sochaczew,93,-1.0,0.0,3.6,90,1546975800,PL,1546929950,1546958782,52.23,20.24
491,Tucuman,71,18.79,18.79,1.72,56,1546977480,PE,1546942667,1546989795,-17.17,-70.89
492,Great Falls,68,-6.7,-6.1,1.5,1,1546973880,US,1546960289,1546991594,47.5,-111.29
493,Chopinzinho,77,26.34,26.34,2.94,64,1546977481,BR,1546937244,1546986397,-25.86,-52.53
494,Rio Grande,66,30.0,30.0,4.1,40,1546974000,BR,1546936312,1546987119,-32.03,-52.1
495,Penzance,75,7.0,8.0,5.7,75,1546975200,GB,1546935552,1546965552,50.12,-5.53
496,Mvuma,62,23.04,23.04,4.89,24,1546977481,ZW,1546918081,1546965684,-19.28,30.53
497,Cockburn Town,100,25.92,25.92,6.89,64,1546977482,TC,1546946661,1546985934,21.46,-71.14
498,Manzhouli,46,-22.74,-22.74,2.37,0,1546977482,CN,1546905917,1546936149,49.6,117.43
499,Ponnani,78,25.0,25.0,3.24,0,1546975800,IN,1546910228,1546951749,10.77,75.93
500,Karpushikha,70,-13.01,-13.01,4.59,68,1546977482,RU,1546922258,1546947435,57.5,59.9
501,Truro,75,7.0,8.0,5.7,75,1546975200,GB,1546935474,1546965401,50.26,-5.05
502,La Crosse,53,-0.1,1.1,13.4,90,1546977180,US,1546954696,1546987558,43.8,-91.24
503,Swan River,70,-13.11,-13.11,4.87,56,1546977243,CA,1546959067,1546988008,52.11,-101.27
504,Kachiry,77,-15.16,-15.16,3.64,48,1546977483,KZ,1546916800,1546945112,53.07,76.1
505,Xuanhua,54,-21.69,-21.69,0.89,44,1546977483,CN,1546904605,1546938605,40.61,115.04
506,Kununurra,88,28.0,28.0,2.6,12,1546975800,AU,1546894887,1546941725,-15.77,128.74
507,Hays,31,8.3,8.3,5.7,1,1546973760,US,1546955754,1546990382,38.88,-99.33
508,Honiara,94,25.44,25.44,1.27,20,1546977484,SB,1546888054,1546933570,-9.43,159.96
509,Sainte-Maxime,100,11.0,12.0,6.7,0,1546975800,FR,1546931113,1546964144,43.31,6.64
510,Pitimbu,66,29.0,29.0,6.2,40,1546974000,BR,1546935014,1546980128,-7.47,-34.81
511,Tautira,74,28.0,28.0,3.1,90,1546975800,PF,1546961396,1547008641,-17.73,-149.15
512,Fairbanks,75,-28.0,-26.7,1.37,90,1546975620,US,1546976458,1546992928,64.84,-147.72
513,Mayo,63,-44.0,-44.0,1.14,20,1546974000,CA,1546972579,1546991130,63.59,-135.9
514,Taree,93,19.0,19.0,1.22,0,1546974000,AU,1546887206,1546938008,-31.91,152.46
515,Goiatuba,60,30.44,30.44,1.72,24,1546977485,BR,1546937404,1546984720,-18.02,-49.36
516,Hukuntsi,53,23.17,23.17,2.92,36,1546977486,BW,1546919638,1546968336,-23.98,21.76
517,Lakatoro,88,26.89,26.89,2.62,0,1546977486,VU,1546885563,1546932477,-16.11,167.42
518,Henderson,58,10.6,12.2,2.1,1,1546974900,US,1546959061,1546994589,36.04,-114.98
519,Raton,37,5.0,6.7,5.7,1,1546973640,US,1546956663,1546991926,36.9,-104.44
520,Durusu,81,2.0,8.0,9.3,90,1546975200,TR,1546921900,1546956940,37.53,40.83
521,Boden,92,-12.0,-12.0,3.17,0,1546975200,SE,1546936872,1546951173,65.83,21.69
522,Waterfoot,80,3.0,7.0,3.1,0,1546975200,GB,1546935790,1546963742,53.69,-2.25
523,Awjilah,85,4.67,4.67,1.29,0,1546977487,LY,1546925393,1546962820,29.14,21.3
524,Carballo,81,7.0,8.0,1.0,0,1546975800,ES,1546934773,1546967846,43.21,-8.69
525,Aldine,66,23.3,25.0,2.04,40,1546977180,US,1546953500,1546990737,29.93,-95.38
526,Mainpuri,86,9.24,9.24,2.72,0,1546977488,IN,1546911297,1546949198,27.23,79.03
527,Nioro,46,24.32,24.32,2.19,0,1546977488,GM,1546932376,1546973286,13.79,-15.05
528,Gamba,22,-32.31,-32.31,0.99,8,1546977489,CN,1546909150,1546946788,28.28,88.52
529,Vilhena,88,24.0,24.0,6.2,75,1546974000,BR,1546940560,1546986746,-12.74,-60.15
530,Mezen,70,-13.94,-13.94,3.07,80,1546977489,RU,1546931492,1546945726,65.85,44.24
531,Corinto,46,30.04,30.04,3.77,0,1546977489,BR,1546936189,1546983581,-18.36,-44.46
532,Labuhan,98,22.39,22.39,0.99,76,1546977490,ID,1546899413,1546943556,-2.54,115.51
533,Kharp,0,-34.19,-34.19,1.59,8,1546977490,RU,1546927579,1546939289,66.82,65.8
534,Vardo,66,8.9,13.0,3.1,1,1546976100,US,1546950697,1546985074,39.62,-77.74
535,Bogorodskoye,67,-26.34,-26.34,1.89,12,1546977490,RU,1546901154,1546929866,52.37,140.44
536,Luba,77,15.67,15.67,1.84,0,1546977490,PH,1546900160,1546940323,17.32,120.7
