coord,country,id,name,OWMLat,OWMLon
"{'lon': -9.10639, 'lat': 52.671669}",IE,2963385,Killadysert,52.671669,-9.10639
"{'lon': 117.116669, 'lat': 33.166672}",CN,1816945,Baoji,33.166672,117.116669
"{'lon': 37.859444, 'lat': 55.27861}",RU,817687,Yarlykovo,55.27861,37.859444
"{'lon': 3.87787, 'lat': 45.031551}",FR,2970826,Vals-pres-le-Puy,45.031551,3.87787
"{'lon': 12.16488, 'lat': 47.267639}",AT,7872252,Wald im Pinzgau,47.267639,12.16488
"{'lon': 120.6325, 'lat': 14.9653}",PH,1712627,Guagua,14.9653,120.6325
"{'lon': 10.23333, 'lat': 49.683331}",DE,2808624,Willanzheim,49.683331,10.23333
"{'lon': -65.892662, 'lat': 18.434111}",PR,4566025,Loíza Municipio,18.434111,-65.892662
"{'lon': 150.339493, 'lat': 8.75}",FM,7626991,Unanu Municipality,8.75,150.339493
"{'lon': 9.56667, 'lat': 51.883331}",DE,2866665,Negenborn,51.883331,9.56667
"{'lon': 124.383331, 'lat': 7.96667}",PH,1723739,Buadiposo-Buntong,7.96667,124.383331
"{'lon': -8.78462, 'lat': 42.26413}",ES,3126577,Cangas,42.26413,-8.78462
"{'lon': -7.12574, 'lat': 40.17112}",PT,8011735,Penamacor,40.17112,-7.12574
"{'lon': 14.59912, 'lat': 42.153542}",IT,3180247,Casalbordino,42.153542,14.59912
"{'lon': -98.550003, 'lat': 17.549999}",MX,3515384,Tlapa de Comonfort,17.549999,-98.550003
"{'lon': 5, 'lat': 45.5}",FR,2969282,Arrondissement de Vienne,45.5,5.0
"{'lon': 41.468632, 'lat': 42.712318}",GE,612652,Ochamchire,42.712318,41.468632
"{'lon': 11.75, 'lat': 52.566669}",DE,2895926,Insel,52.566669,11.75
"{'lon': -5.01667, 'lat': 38.083328}",ES,2509466,Villaviciosa de Cordoba,38.083328,-5.01667
"{'lon': 10.2667, 'lat': 49.450001}",DE,6556902,Gallmersgarten,49.450001,10.2667
"{'lon': -81.959023, 'lat': 39.952011}",US,4521465,Pleasant Grove,39.952011,-81.959023
"{'lon': 36.081108, 'lat': 40.387501}",TR,738618,Turhal,40.387501,36.081108
"{'lon': -1.80224, 'lat': 48.605019}",FR,3013263,Hirel,48.605019,-1.80224
"{'lon': -0.72452, 'lat': 45.07407}",FR,3037190,Arcins,45.07407,-0.72452
"{'lon': 3.5666700000000002, 'lat': 45.033329}",FR,6449038,Charraix,45.033329,3.5666700000000002
"{'lon': -89.199997, 'lat': 14.4}",HN,3615169,Antigua Ocotepeque,14.4,-89.199997
"{'lon': 11.95, 'lat': 47.716671}",DE,2949323,Bichl,47.716671,11.95
"{'lon': 62.936199, 'lat': 56.259998}",RU,1507565,Dalmatovo,56.259998,62.936199
"{'lon': 23.933331, 'lat': 41.966671}",BG,6461138,Grashevo,41.966671,23.933331
"{'lon': -1.6, 'lat': 54.599998}",GB,2647186,Heighington,54.599998,-1.6
"{'lon': -73.232452, 'lat': 45.850079}",CA,5927024,Contrecoeur,45.850079,-73.232452
"{'lon': -97.900002, 'lat': 18.85}",MX,3533157,Ahuatepec,18.85,-97.900002
"{'lon': 56.25, 'lat': 54.733334}",RU,538642,Kasimovo,54.733334,56.25
"{'lon': -6.71187, 'lat': 41.34034}",PT,2737599,Mogadouro,41.34034,-6.71187
"{'lon': -76.705254, 'lat': 39.268162}",US,4351037,Charlestown,39.268162,-76.705254
"{'lon': 43.404949, 'lat': 15.86656}",YE,77980,Ash Shahil,15.86656,43.404949
"{'lon': -1.40941, 'lat': 49.420952}",FR,3015556,Gourbesville,49.420952,-1.40941
"{'lon': 14.46667, 'lat': 47.349998}",AT,2766648,Sankt Johann am Tauern,47.349998,14.46667
"{'lon': 125.5, 'lat': 11.66667}",PH,1713986,Province of Eastern Samar,11.66667,125.5
"{'lon': 139, 'lat': 36.48333}",JP,1852595,Shibukawa,36.48333,139.0
"{'lon': 22.83532, 'lat': 38.411861}",GR,8133909,Dimos Livadeia,38.411861,22.83532
"{'lon': -8.70649, 'lat': 42.431881}",ES,3124736,Combarro,42.431881,-8.70649
"{'lon': -3.73017, 'lat': 41.610149}",ES,3126810,Campillo de Aranda,41.610149,-3.73017
"{'lon': 145.566666, 'lat': -38.183331}",AU,2176575,Bayles,-38.183331,145.566666
"{'lon': -3.57797, 'lat': 41.139709}",ES,6359362,Somosierra,41.139709,-3.57797
"{'lon': -64.333328, 'lat': -19.116671}",BO,3901519,Villa Serrano,-19.116671,-64.333328
"{'lon': 5.65, 'lat': 49.616669}",BE,2787380,Saint-Léger,49.616669,5.65
"{'lon': 24.96306, 'lat': 57.011108}",LV,457676,Malpils,57.011108,24.96306
"{'lon': -83.612991, 'lat': 42.24115}",US,5015688,Ypsilanti,42.24115,-83.612991
"{'lon': -69.949997, 'lat': 18.48333}",DO,3491913,Villas Agrícolas Número Dos,18.48333,-69.949997
"{'lon': 9.43333, 'lat': 54.700001}",DE,2924182,Frörup,54.700001,9.43333
"{'lon': -0.669, 'lat': 40.529171}",ES,3104859,Villarroya de los Pinares,40.529171,-0.669
"{'lon': 19.67762, 'lat': 47.832378}",HU,3050872,Jobbagyi,47.832378,19.67762
"{'lon': 4.68973, 'lat': 45.721809}",FR,3030029,Brindas,45.721809,4.68973
"{'lon': 11.55, 'lat': 51.166672}",DE,2807474,Wischroda,51.166672,11.55
"{'lon': 111.039948, 'lat': -6.57337}",ID,8056435,Krajan Kedungsari,-6.57337,111.039948
"{'lon': 9.9337, 'lat': 50.10825}",DE,2923900,Fuchsstadt,50.10825,9.9337
"{'lon': 41.783333, 'lat': 55.200001}",RU,565960,Dmitriyevy Gory,55.200001,41.783333
"{'lon': -70.050003, 'lat': -26.366671}",CL,3892454,Diego de Almagro,-26.366671,-70.050003
"{'lon': -106.705299, 'lat': 34.854778}",US,5458548,Bosque Farms,34.854778,-106.705299
"{'lon': 52.479179, 'lat': 56.187382}",RU,582423,Alnashi,56.187382,52.479179
"{'lon': 6.68333, 'lat': 50.033329}",DE,2860122,Oberkail,50.033329,6.68333
"{'lon': 18.574789, 'lat': 49.955421}",PL,3097391,Jastrzebie Zdroj,49.955421,18.574789
"{'lon': -98.599998, 'lat': 20.65}",MX,3514134,Zacualtipan,20.65,-98.599998
"{'lon': -61.366669, 'lat': 5.616667}",VE,3647346,Cameirán,5.616667,-61.366669
"{'lon': 12.99323, 'lat': 45.767609}",IT,6536292,San Michele al Tagliamento,45.767609,12.99323
"{'lon': 2.00123, 'lat': 41.306049}",ES,3121519,Gava,41.306049,2.00123
"{'lon': 121.283333, 'lat': -2.3}",ID,1645357,Dolupo,-2.3,121.283333
"{'lon': 43.386391, 'lat': -11.3875}",KM,921852,Ivouani,-11.3875,43.386391
"{'lon': 27.27227, 'lat': 61.688568}",FI,646005,Mikkeli,61.688568,27.27227
"{'lon': 8.00893, 'lat': 45.003551}",IT,6534313,Capriglio,45.003551,8.00893
"{'lon': -4.20744, 'lat': 40.95285}",ES,6360935,Valverde del Majano,40.95285,-4.20744
"{'lon': 7.08333, 'lat': 50.383301}",DE,6553743,Arft,50.383301,7.08333
"{'lon': -1.75466, 'lat': 48.118568}",FR,2969465,Vezin-le-Coquet,48.118568,-1.75466
"{'lon': -5.32373, 'lat': 43.34428}",ES,3116962,Melarde,43.34428,-5.32373
"{'lon': 144.350006, 'lat': -38.200001}",AU,2164395,Grovedale,-38.200001,144.350006
"{'lon': 123.566612, 'lat': 12.18275}",PH,1703785,Magsalangi,12.18275,123.566612
"{'lon': -1, 'lat': 45.599998}",FR,6428067,Saint-Georges-de-Didonne,45.599998,-1.0
"{'lon': -72.980003, 'lat': 10.60528}",CO,3665934,Villanueva,10.60528,-72.980003
"{'lon': -69.050003, 'lat': 18.799999}",DO,3506189,Provincia de El Seíbo,18.799999,-69.050003
"{'lon': 124.012222, 'lat': 10.77861}",PH,1684876,Tabunok,10.77861,124.012222
"{'lon': 13.1833, 'lat': 53.75}",DE,6547831,Gültz,53.75,13.1833
"{'lon': -61.89542, 'lat': -38.484211}",AR,3863596,Cabildo,-38.484211,-61.89542
"{'lon': -101.38044, 'lat': 35.3456}",US,5527980,Panhandle,35.3456,-101.38044
"{'lon': -6.06044, 'lat': 38.91045}",ES,6356003,Valdetorres,38.91045,-6.06044
"{'lon': 8.15, 'lat': 52.5}",DE,2865546,Neuenwalde,52.5,8.15
"{'lon': 7.75, 'lat': 51.116669}",DE,2817918,Valbert,51.116669,7.75
"{'lon': 44.152779, 'lat': 40.860561}",AM,823745,Shirakamut,40.860561,44.152779
"{'lon': 20.65, 'lat': 42}",XK,791121,Komuna e Dragashit,42.0,20.65
"{'lon': 106.010002, 'lat': -6.2485}",ID,7781796,Kampungsawah Landeuh,-6.2485,106.010002
"{'lon': 104.469223, 'lat': 14.79328}",TH,7510996,Si Rattana,14.79328,104.469223
"{'lon': 2.29975, 'lat': 51.0154}",FR,3015160,Grande-Synthe,51.0154,2.29975
"{'lon': 21.985371, 'lat': 47.962818}",HU,718108,Levelek,47.962818,21.985371
"{'lon': 0.54317, 'lat': 46.8535}",FR,3037417,Antran,46.8535,0.54317
"{'lon': -8.76941, 'lat': 37.54084}",PT,8014806,Zambujeira do Mar,37.54084,-8.76941
"{'lon': -100.150002, 'lat': 27.23333}",MX,4013726,Ciudad Anahuac,27.23333,-100.150002
"{'lon': -106.491409, 'lat': 35.176991}",US,5490090,Sandia Heights,35.176991,-106.491409
"{'lon': -0.83118, 'lat': 53.731602}",GB,2645558,Kilpin,53.731602,-0.83118
"{'lon': 108.355202, 'lat': -7.1944}",ID,8046790,Desa Wetan Ciakar,-7.1944,108.355202
"{'lon': -100.658188, 'lat': 43.30584}",US,5767144,Mission,43.30584,-100.658188
"{'lon': 83.376404, 'lat': 54.4589}",RU,1500532,Linevo,54.4589,83.376404
"{'lon': 10.56667, 'lat': 54}",DE,2828277,Steindamm,54.0,10.56667
"{'lon': -76.892197, 'lat': 38.943169}",US,4360288,Landover Hills,38.943169,-76.892197
"{'lon': 9.03757, 'lat': 55.392578}",DK,2620223,Hjerting,55.392578,9.03757
"{'lon': 10.85, 'lat': 51.26667}",DE,2947768,Bliederstedt,51.26667,10.85
"{'lon': 10.5, 'lat': 49.150002}",DE,2872311,Meierndorf,49.150002,10.5
"{'lon': -0.41667000000000004, 'lat': 44.783329}",FR,6454019,Sadirac,44.783329,-0.41667000000000004
"{'lon': 16.739861, 'lat': 50.50589}",PL,3103847,Bardo,50.50589,16.739861
"{'lon': -102.644913, 'lat': 32.71899}",US,5530452,Seminole,32.71899,-102.644913
"{'lon': 8.84683, 'lat': 47.664291}",CH,6458794,Bezirk Stein,47.664291,8.84683
"{'lon': 34, 'lat': 68}",RU,524304,Murmanskaya Oblast’,68.0,34.0
"{'lon': 78.849998, 'lat': 23.950001}",IN,1267680,Karrapur,23.950001,78.849998
"{'lon': 0.55162, 'lat': 44.20277}",FR,3030484,Brax,44.20277,0.55162
"{'lon': -97.606987, 'lat': 37.032249}",US,4268940,Caldwell,37.032249,-97.606987
"{'lon': 10.02773, 'lat': 48.80859}",DE,2928761,Essingen,48.80859,10.02773
"{'lon': -61.417221, 'lat': 6.173333}",VE,3807669,La Clarita,6.173333,-61.417221
"{'lon': 4.88333, 'lat': 50.333328}",BE,2798131,Forge d'en Haut,50.333328,4.88333
"{'lon': -86.458557, 'lat': 30.75074}",US,4160866,Killingsworth Crossroads,30.75074,-86.458557
"{'lon': 8.767430000000001, 'lat': 45.97398}",IT,6534401,Montegrino Valtravaglia,45.97398,8.767430000000001
"{'lon': 69.644157, 'lat': 37.803959}",TJ,1220163,Vose,37.803959,69.644157
"{'lon': 25.41667, 'lat': 46.166672}",RO,672031,Ocland,46.166672,25.41667
"{'lon': -90.565689, 'lat': 41.615028}",US,4868167,Mount Joy,41.615028,-90.565689
"{'lon': -0.56667, 'lat': 39.26667}",ES,2519694,Catadau,39.26667,-0.56667
"{'lon': 6.44306, 'lat': 52.124168}",NL,2759429,Barchem,52.124168,6.44306
"{'lon': 112.106003, 'lat': -6.9082}",ID,8078478,Sumurgung,-6.9082,112.106003
"{'lon': 8.8664, 'lat': 51.12949}",DE,2933388,Ederbringhausen,51.12949,8.8664
"{'lon': 19.303801, 'lat': 51.816002}",PL,7533560,Aleksandrów Łódzki,51.816002,19.303801
"{'lon': -1.28155, 'lat': 49.06797}",FR,3029015,Cametours,49.06797,-1.28155
"{'lon': 9.85405, 'lat': 46.147491}",IT,6534934,Albosaggia,46.147491,9.85405
"{'lon': 65.325829, 'lat': 55.355}",RU,1503879,Ketovo,55.355,65.325829
"{'lon': -4.59522, 'lat': 40.94239}",ES,6355619,Adanero,40.94239,-4.59522
"{'lon': 2.48333, 'lat': 48.849998}",FR,6452019,Fontenay-sous-Bois,48.849998,2.48333
"{'lon': -82.374542, 'lat': 28.899981}",US,4158445,Hernando,28.899981,-82.374542
"{'lon': 73.683327, 'lat': 18.716669}",IN,1255134,Talegaon Dabhade,18.716669,73.683327
"{'lon': -74.341293, 'lat': 4.73176}",CO,3688673,Bojaca,4.73176,-74.341293
"{'lon': 10.46667, 'lat': 53.633331}",DE,2901790,Hohenfelde,53.633331,10.46667
"{'lon': 1.27192, 'lat': 43.576221}",FR,3006531,La Salvetat-Saint-Gilles,43.576221,1.27192
"{'lon': 8.12528, 'lat': 49.91222}",DE,3272454,Stadecken-Elsheim,49.91222,8.12528
"{'lon': -66.459084, 'lat': 9.39486}",VE,3631285,Orituco,9.39486,-66.459084
"{'lon': 4.25, 'lat': 45.383331}",FR,3017410,Fraisses,45.383331,4.25
"{'lon': -80.249802, 'lat': 39.51675}",US,4813754,Marion County,39.51675,-80.249802
"{'lon': 121.827797, 'lat': 13.3607}",PH,1700686,Masiga,13.3607,121.827797
"{'lon': 106.700829, 'lat': -6.55472}",ID,1647383,Ciampea,-6.55472,106.700829
"{'lon': 26.824369, 'lat': -32.17588}",ZA,940186,Whittlesea,-32.17588,26.824369
"{'lon': 126.75, 'lat': 52.633331}",RU,2016477,Sivaki,52.633331,126.75
"{'lon': 8.22556, 'lat': 49.619202}",DE,6554858,Hohen-Sülzen,49.619202,8.22556
"{'lon': 0.20924, 'lat': 47.833019}",FR,2977804,Saint-Ouen-en-Belin,47.833019,0.20924
"{'lon': -102.650002, 'lat': 20.116671}",MX,3980390,Venustiano Carranza,20.116671,-102.650002
"{'lon': 13.38333, 'lat': 51.883331}",DE,2846840,Rietdorf,51.883331,13.38333
"{'lon': 7.53027, 'lat': 47.438251}",CH,2657886,Zwingen,47.438251,7.53027
"{'lon': 10.8667, 'lat': 49.950001}",DE,6556735,Kemmern,49.950001,10.8667
"{'lon': 3.2909800000000002, 'lat': 45.05722}",FR,2997665,Longuesaigne,45.05722,3.2909800000000002
"{'lon': 121.199997, 'lat': 13.9}",PH,1727643,Banaba,13.9,121.199997
"{'lon': -90.812317, 'lat': 31.15823}",US,4433362,Liberty,31.15823,-90.812317
"{'lon': -8.72056, 'lat': 40.254841}",PT,8011855,Liceia,40.254841,-8.72056
"{'lon': 109.99556, 'lat': 27.110001}",CN,1808106,Hongjiang,27.110001,109.99556
"{'lon': -78.825287, 'lat': 37.35709}",US,4744609,Appomattox,37.35709,-78.825287
"{'lon': 105.599998, 'lat': 21.299999}",VN,1905856,Tỉnh Vĩnh Phúc,21.299999,105.599998
"{'lon': 16.16268, 'lat': 47.217251}",AT,7872741,Litzelsdorf,47.217251,16.16268
"{'lon': -89.491669, 'lat': 19.98333}",MX,3822620,Salvador Alvarado,19.98333,-89.491669
"{'lon': 7.36667, 'lat': 50.299999}",DE,2843551,Ruber,50.299999,7.36667
"{'lon': 11.58333, 'lat': 49.533329}",DE,2928583,Etzelwang,49.533329,11.58333
"{'lon': 1.0169, 'lat': 44.339642}",FR,2993088,Montaigu-de-Quercy,44.339642,1.0169
"{'lon': -70.181129, 'lat': 18.3353}",DO,3491807,Yaguate,18.3353,-70.181129
"{'lon': -88.800003, 'lat': 19.9}",MX,3529630,Dzuiché,19.9,-88.800003
"{'lon': 139.783325, 'lat': -34.98333}",AU,2063534,Perponda,-34.98333,139.783325
"{'lon': 44.139999, 'lat': 42.32}",GE,865540,Shida Kartli,42.32,44.139999
"{'lon': 113.307404, 'lat': -8.2661}",ID,8180927,Tanjungrejo Lor,-8.2661,113.307404
"{'lon': -120.501389, 'lat': 44.00013}",US,5744337,Oregon,44.00013,-120.501389
"{'lon': -3.69356, 'lat': 42.094898}",ES,3107838,Torrecilla del Monte,42.094898,-3.69356
"{'lon': -0.7081000000000001, 'lat': 35.727901}",DZ,2487852,Mers el Kebir,35.727901,-0.7081000000000001
"{'lon': -79.650002, 'lat': -3.66667}",EC,3649912,Zarumaurcu,-3.66667,-79.650002
"{'lon': 14.41667, 'lat': 40.883331}",IT,3172391,Provincia di Napoli,40.883331,14.41667
"{'lon': 6.9301, 'lat': 49.337502}",DE,6547510,Heusweiler,49.337502,6.9301
"{'lon': 120.4879, 'lat': 15.6752}",PH,1704623,Mabilang,15.6752,120.4879
"{'lon': 44.9799, 'lat': 41.68095}",GE,865851,Lilo,41.68095,44.9799
"{'lon': 138.899994, 'lat': 36.316669}",JP,1865290,Annaka,36.316669,138.899994
"{'lon': 9.50295, 'lat': 45.572578}",IT,6534487,Pozzo dAdda,45.572578,9.50295
"{'lon': 79.889801, 'lat': 6.9779}",LK,1224085,Wattala,6.9779,79.889801
"{'lon': -3.0527, 'lat': 41.225971}",ES,6357813,Albendiego,41.225971,-3.0527
"{'lon': 111.4216, 'lat': -8.0059}",ID,8183579,Maron,-8.0059,111.4216
"{'lon': -71.300003, 'lat': -41.150002}",AR,3837856,San Carlos de Bariloche,-41.150002,-71.300003
"{'lon': 19.550171, 'lat': 49.98103}",PL,3086536,Ryczow,49.98103,19.550171
"{'lon': 6.28806, 'lat': 43.320671}",FR,3015686,Gonfaron,43.320671,6.28806
"{'lon': -1.6703100000000002, 'lat': 43.135029}",ES,6359768,Doneztebe/Santesteban,43.135029,-1.6703100000000002
"{'lon': 18.933331, 'lat': 46.98333}",HU,3043096,Városrétidűlő,46.98333,18.933331
"{'lon': 120.026497, 'lat': 5.2057}",PH,1682671,Province of Tawi-Tawi,5.2057,120.026497
"{'lon': 14.28917, 'lat': 37.558849}",IT,6541871,Enna,37.558849,14.28917
"{'lon': 0.05, 'lat': 43.383331}",FR,2969401,Vic-en-Bigorre,43.383331,0.05
"{'lon': -94.361061, 'lat': 38.09642}",US,4405516,Rich Hill,38.09642,-94.361061
"{'lon': -78.825562, 'lat': 35.823479}",US,4480285,Morrisville,35.823479,-78.825562
"{'lon': -50.164719, 'lat': -16.79611}",BR,3455351,Palminópolis,-16.79611,-50.164719
"{'lon': -103.166672, 'lat': 20.51667}",MX,4003810,Juanacatlan,20.51667,-103.166672
"{'lon': 13.16297, 'lat': 50.091919}",CZ,3061350,Zlutice,50.091919,13.16297
"{'lon': -123.131203, 'lat': 44.103458}",US,5750516,Santa Clara,44.103458,-123.131203
"{'lon': 6.90921, 'lat': 36.876171}",DZ,2479536,Skikda,36.876171,6.90921
"{'lon': 120.887848, 'lat': 30.94729}",CN,1788297,Xitang,30.94729,120.887848
"{'lon': 119.216667, 'lat': 32.683331}",CN,1803458,Lingtang,32.683331,119.216667
"{'lon': -4.17724, 'lat': 40.84182}",ES,3114878,Ortigosa del Monte,40.84182,-4.17724
"{'lon': 10.05, 'lat': 50.76667}",DE,2806898,Wolferbutt,50.76667,10.05
"{'lon': -3.1814, 'lat': 40.495319}",ES,3113011,Pozo de Guadalajara,40.495319,-3.1814
"{'lon': -5.12791, 'lat': 37.694439}",ES,2510882,Silillos,37.694439,-5.12791
"{'lon': -108.730667, 'lat': 42.833012}",US,5830007,Lander,42.833012,-108.730667
"{'lon': 8.01333, 'lat': 49.5369}",DE,6554977,Ramsen,49.5369,8.01333
"{'lon': 105.722412, 'lat': 33.261761}",CN,7372702,Jiaan,33.261761,105.722412
"{'lon': 0.08333, 'lat': 44.799999}",FR,6432239,Gensac,44.799999,0.08333
"{'lon': -100.592651, 'lat': 37.2603}",US,5446185,Plains,37.2603,-100.592651
"{'lon': 65.59639, 'lat': 62.520561}",RU,1536757,Priobye,62.520561,65.59639
"{'lon': -2.43055, 'lat': 40.560051}",ES,6357868,Castilforte,40.560051,-2.43055
"{'lon': 11.1, 'lat': 47.916698}",DE,6556440,Raisting,47.916698,11.1
"{'lon': -79.383331, 'lat': 0}",EC,3655272,La Concordia,0.0,-79.383331
"{'lon': 7.75515, 'lat': 48.616341}",FR,6450593,Bischheim,48.616341,7.75515
"{'lon': 4.70026, 'lat': 44.054932}",FR,2978918,Saint-Laurent-des-Arbres,44.054932,4.70026
"{'lon': 39.305328, 'lat': 47.331619}",RU,474056,Vesëlyy,47.331619,39.305328
"{'lon': 13.732050000000001, 'lat': 46.184052}",SI,3189037,Občina Tolmin,46.184052,13.732050000000001
"{'lon': 8.95042, 'lat': 51.39053}",DE,2872985,Massenhausen,51.39053,8.95042
"{'lon': 13.8, 'lat': 51.383331}",DE,2883583,Kroppen,51.383331,13.8
"{'lon': -62.07402, 'lat': -30.913071}",AR,3859946,Cotagaita,-30.913071,-62.07402
"{'lon': 127.489723, 'lat': 36.637218}",KR,1845604,Cheongju,36.637218,127.489723
"{'lon': -72.891769, 'lat': 41.834259}",US,5283461,Canton Valley,41.834259,-72.891769
"{'lon': 9.25292, 'lat': 53.920109}",DE,2881499,Landscheide,53.920109,9.25292
"{'lon': 6.46158, 'lat': 46.687439}",CH,7286936,Romainmôtier-Envy,46.687439,6.46158
"{'lon': 58.930599, 'lat': 42.634331}",UZ,829964,Shumanay Shahri,42.634331,58.930599
"{'lon': 5.22222, 'lat': 51.602501}",NL,2755009,Haaren,51.602501,5.22222
"{'lon': 17.936819, 'lat': 40.627731}",IT,3181528,Brindisi,40.627731,17.936819
"{'lon': 3.45, 'lat': 45.816669}",FR,6440198,Saint-Jean-d'Heurs,45.816669,3.45
"{'lon': -2.88754, 'lat': 47.860359}",FR,2986609,Plumelin,47.860359,-2.88754
"{'lon': -97.699997, 'lat': 20.200001}",MX,3527624,Filomeno Mata,20.200001,-97.699997
"{'lon': -16.088791, 'lat': 13.4898}",GM,2412992,Kerewan,13.4898,-16.088791
"{'lon': 99.165863, 'lat': 9.57203}",TH,1150340,Tha Chana,9.57203,99.165863
"{'lon': 127.521004, 'lat': 37.005699}",KR,6812754,Angol,37.005699,127.521004
"{'lon': 93.099998, 'lat': 48.816669}",MN,1515332,Sharbulag,48.816669,93.099998
"{'lon': 9.2, 'lat': 50.616669}",DE,2886849,Köddingen,50.616669,9.2
"{'lon': -96.633049, 'lat': 33.88232}",US,4720583,Preston,33.88232,-96.633049
"{'lon': 1.06112, 'lat': 51.945381}",GB,2643107,Manningtree,51.945381,1.06112
"{'lon': -6.39613, 'lat': 41.310081}",ES,6362508,Fermoselle,41.310081,-6.39613
"{'lon': 25.9, 'lat': 41.683331}",BG,864600,Obshtina Madzharovo,41.683331,25.9
"{'lon': 7.86667, 'lat': 49.0667}",DE,6555314,Bobenthal,49.0667,7.86667
"{'lon': 1.1807, 'lat': 49.401001}",FR,3017325,Franqueville-Saint-Pierre,49.401001,1.1807
"{'lon': 8.67278, 'lat': 49.477779}",DE,2836089,Schriesheim,49.477779,8.67278
"{'lon': -89.283333, 'lat': 20.4}",MX,3516212,Teabo,20.4,-89.283333
"{'lon': 6.61667, 'lat': 49.966702}",DE,6554433,Gondorf,49.966702,6.61667
"{'lon': 116.924721, 'lat': 34.736111}",CN,1798972,Peicheng,34.736111,116.924721
"{'lon': -14.87884, 'lat': 13.69094}",GM,2411703,Wassu,13.69094,-14.87884
"{'lon': -0.8761700000000001, 'lat': 40.647709}",ES,6361526,Galve,40.647709,-0.8761700000000001
"{'lon': 123.734398, 'lat': 10.18568}",PH,1707523,Langtad,10.18568,123.734398
"{'lon': 1.9367, 'lat': 48.194099}",FR,6616339,Toury,48.194099,1.9367
"{'lon': 120.354874, 'lat': 22.58102}",TW,1677210,Zhongdacuo,22.58102,120.354874
"{'lon': -74.761833, 'lat': 40.389271}",US,5099312,Hopewell,40.389271,-74.761833
"{'lon': 121.616669, 'lat': 16.73333}",PH,1689639,San Isidro,16.73333,121.616669
"{'lon': 58.165558, 'lat': 54.936943}",RU,478071,Ust-Katav,54.936943,58.165558
"{'lon': 115.260498, 'lat': -8.3893}",ID,7376087,Banjar Ponggang,-8.3893,115.260498
"{'lon': 23.966669, 'lat': 43.73333}",BG,728565,Oryakhovo,43.73333,23.966669
"{'lon': 19.2162, 'lat': 50.859219}",PL,3087256,Redziny,50.859219,19.2162
"{'lon': -0.86667, 'lat': 46.366669}",FR,6445253,Vix,46.366669,-0.86667
"{'lon': 13.36143, 'lat': 38.115719}",IT,6542127,Palermo,38.115719,13.36143
"{'lon': 14.17914, 'lat': 48.22662}",AT,7872052,Hörsching,48.22662,14.17914
"{'lon': 81.866669, 'lat': 22.15}",IN,1255212,Takhatpur,22.15,81.866669
"{'lon': 7.70983, 'lat': 48.669479}",FR,2970128,Vendenheim,48.669479,7.70983
"{'lon': -91.567909, 'lat': 35.309811}",US,4100170,Bald Knob,35.309811,-91.567909
"{'lon': -7.37474, 'lat': 40.200981}",PT,2741518,Capinha,40.200981,-7.37474
"{'lon': 15.83379, 'lat': 47.53577}",AT,7872520,Rettenegg,47.53577,15.83379
"{'lon': 8.85083, 'lat': 49.051392}",DE,2827318,Sternenfels,49.051392,8.85083
"{'lon': -69.55088, 'lat': 44.586182}",US,4958037,Benton,44.586182,-69.55088
"{'lon': 96.5, 'lat': 22.91667}",MM,1308937,Mogok,22.91667,96.5
"{'lon': 2.58904, 'lat': 50.506222}",FR,3015636,Gosnay,50.506222,2.58904
"{'lon': 2.18851, 'lat': 50.70414}",FR,3019640,Esquerdes,50.70414,2.18851
"{'lon': -93.250763, 'lat': 42.38332}",US,4859771,Hardin County,42.38332,-93.250763
"{'lon': 9.26934, 'lat': 45.662682}",IT,3165155,Triuggio,45.662682,9.26934
"{'lon': -0.14912, 'lat': 46.67453}",FR,3007339,La Peyratte,46.67453,-0.14912
"{'lon': -0.8113600000000001, 'lat': 37.630821}",ES,2514816,Los Blancos,37.630821,-0.8113600000000001
"{'lon': -88.083397, 'lat': 41.833359}",US,4890213,DuPage County,41.833359,-88.083397
"{'lon': 3.60624, 'lat': 51.04525}",BE,2802815,Baarleveld,51.04525,3.60624
"{'lon': 108.129799, 'lat': -7.184}",ID,8025845,Bugel,-7.184,108.129799
"{'lon': 0.01034, 'lat': 38.847092}",ES,2509669,Vergel,38.847092,0.01034
"{'lon': 46.503071, 'lat': 53.132359}",RU,506123,Poselki,53.132359,46.503071
"{'lon': -5.34458, 'lat': 34.803211}",MA,2525874,Zoumi,34.803211,-5.34458
"{'lon': 23.133329, 'lat': 45.816669}",RO,673737,Martinesti,45.816669,23.133329
"{'lon': 11.35, 'lat': 52.816669}",DE,2817128,Vissum,52.816669,11.35
"{'lon': 102.866669, 'lat': -3.3}",ID,1637158,Lubuklinggau,-3.3,102.866669
"{'lon': 25.086531, 'lat': 31.756149}",LY,80509,Bardiyah,31.756149,25.086531
"{'lon': -0.6431, 'lat': 45.146309}",FR,2978270,Saint-Martin-Lacaussade,45.146309,-0.6431
"{'lon': 124.0942, 'lat': 9.9384}",PH,1718998,Canmaya Diot,9.9384,124.0942
"{'lon': 123.147499, 'lat': 10.55696}",PH,1695504,New Pandanon,10.55696,123.147499
"{'lon': 10.71667, 'lat': 48.933331}",DE,2852809,Polsingen,48.933331,10.71667
"{'lon': -1.0257, 'lat': 49.290539}",FR,2967642,Vouilly,49.290539,-1.0257
"{'lon': 96.3592, 'lat': 49.703171}",MN,1516392,Altay,49.703171,96.3592
"{'lon': -63.75, 'lat': -17.4}",BO,3905775,San Carlos,-17.4,-63.75
"{'lon': -87.883331, 'lat': 15.08333}",HN,3611040,El Olivar,15.08333,-87.883331
"{'lon': -70.060608, 'lat': 43.996189}",US,4969627,Lisbon Falls,43.996189,-70.060608
"{'lon': 138.483337, 'lat': -35.200001}",AU,2066052,Moana,-35.200001,138.483337
"{'lon': 26.316669, 'lat': 47.51667}",RO,678152,Fantanele,47.51667,26.316669
"{'lon': 8.77944, 'lat': 49.356098}",DE,6555657,Bammental,49.356098,8.77944
"{'lon': 9.22186, 'lat': 48.5914}",DE,2957499,Altenriet,48.5914,9.22186
"{'lon': 11.5167, 'lat': 48}",DE,6556326,Straßlach-Dingharting,48.0,11.5167
"{'lon': -8.82652, 'lat': 39.17115}",PT,2262322,Vale da Pinta,39.17115,-8.82652
"{'lon': -4.17616, 'lat': 57.833149}",GB,2650257,Edderton,57.833149,-4.17616
"{'lon': 8.58304, 'lat': 45.100262}",IT,3164784,Valmacca,45.100262,8.58304
"{'lon': 116.693069, 'lat': 28.706329}",CN,1924884,Hualingang,28.706329,116.693069
"{'lon': -52.334999, 'lat': 4.9386}",GF,6690689,Cayenne,4.9386,-52.334999
"{'lon': 15.31416, 'lat': 40.423309}",IT,3182212,Bellosguardo,40.423309,15.31416
"{'lon': 31.793051, 'lat': 41.451389}",TR,737022,Zonguldak,41.451389,31.793051
"{'lon': -3.73872, 'lat': 41.94273}",ES,3122260,Fontioso,41.94273,-3.73872
"{'lon': 72.808258, 'lat': 40.51506}",KG,1527534,Osh,40.51506,72.808258
"{'lon': -71.095329, 'lat': 42.52565}",US,4948462,Reading,42.52565,-71.095329
"{'lon': -80.936996, 'lat': 29.096371}",US,4169033,Ponce Inlet,29.096371,-80.936996
"{'lon': -8.81763, 'lat': 42.649761}",ES,3111879,Rianxo,42.649761,-8.81763
"{'lon': 24.950001, 'lat': 41.950001}",BG,6459873,Cherven,41.950001,24.950001
"{'lon': 0.14054, 'lat': 49.19701}",FR,3017718,Formentin,49.19701,0.14054
"{'lon': 120.976669, 'lat': 14.25083}",PH,1725404,Biga,14.25083,120.976669
"{'lon': -41.015831, 'lat': -19.51889}",BR,3471061,Baixo Guandu,-19.51889,-41.015831
"{'lon': -4.56565, 'lat': 42.355122}",ES,3110429,San Mames de Campos,42.355122,-4.56565
"{'lon': 8.9, 'lat': 50.700001}",DE,2810853,Wermertshausen,50.700001,8.9
"{'lon': 1.2910300000000001, 'lat': 45.01968}",FR,2993226,Mons,45.01968,1.2910300000000001
"{'lon': -0.33936000000000005, 'lat': 38.69566}",ES,6355398,Benasau,38.69566,-0.33936000000000005
"{'lon': 13.45, 'lat': 57.25}",SE,2712044,Gislaveds Kommun,57.25,13.45
"{'lon': 120.665001, 'lat': 15.49028}",PH,1689111,San Manuel,15.49028,120.665001
"{'lon': 20.052111, 'lat': 51.94696}",PL,765442,Makow,51.94696,20.052111
"{'lon': 111.678596, 'lat': -6.8295}",ID,8074726,Weden,-6.8295,111.678596
"{'lon': 16.433331, 'lat': 47.866669}",AT,2775499,Hornstein,47.866669,16.433331
"{'lon': 43.95071, 'lat': 40.825722}",AM,616598,Kamo,40.825722,43.95071
"{'lon': -84.083282, 'lat': 40.76672}",US,5145576,Allen County,40.76672,-84.083282
"{'lon': -43.780628, 'lat': -22.86474}",BR,7537374,Bairro Vista Alegre,-22.86474,-43.780628
"{'lon': 101.239532, 'lat': 48.881989}",MN,2030427,Hujirt,48.881989,101.239532
"{'lon': 29.15056, 'lat': 46.185829}",UA,691820,Tarutyne,46.185829,29.15056
"{'lon': -52.34306, 'lat': -23.912781}",BR,3454632,Peabiru,-23.912781,-52.34306
"{'lon': 11.66954, 'lat': 42.882130000000004}",IT,3183581,Abbadia San Salvatore,42.882130000000004,11.66954
"{'lon': 28.15806, 'lat': 67.292503}",FI,637284,Savukoski,67.292503,28.15806
"{'lon': 2.12554, 'lat': 48.938251}",FR,3003375,Le Mesnil-le-Roi,48.938251,2.12554
"{'lon': 9.05574, 'lat': 45.477711}",IT,6534240,Settimo Milanese,45.477711,9.05574
"{'lon': 37.462669, 'lat': 36.940399}",TR,301398,Sazgın,36.940399,37.462669
"{'lon': 135.350006, 'lat': 34.450001}",JP,1860765,Kaizuka,34.450001,135.350006
"{'lon': -88.827812, 'lat': 30.41131}",US,4439506,Ocean Springs,30.41131,-88.827812
"{'lon': -97.583702, 'lat': 45.31662}",US,5227240,Day County,45.31662,-97.583702
"{'lon': 11.69741, 'lat': 45.01358}",IT,3164204,Villamarzana,45.01358,11.69741
"{'lon': -105.967857, 'lat': 49.933361}",CA,6079264,Mossbank,49.933361,-105.967857
"{'lon': 1.8277800000000002, 'lat': 47.919949}",FR,3012780,Ingre,47.919949,1.8277800000000002
"{'lon': -84.542427, 'lat': 33.587058999999996}",US,4227777,Union City,33.587058999999996,-84.542427
"{'lon': 0.19145, 'lat': 47.751678}",FR,2986087,Pontvallain,47.751678,0.19145
"{'lon': 26.922859, 'lat': 43.270641}",BG,727233,Shumen,43.270641,26.922859
"{'lon': 1.16667, 'lat': 44}",FR,2973357,Département du Tarn-et-Garonne,44.0,1.16667
"{'lon': 108.633331, 'lat': 53.316669}",RU,2021532,Krestovo,53.316669,108.633331
"{'lon': -6.7771, 'lat': 42.54311}",ES,3107979,Toral de los Vados,42.54311,-6.7771
"{'lon': 6.55, 'lat': 50.049999}",DE,6554461,Malbergweich,50.049999,6.55
"{'lon': 57.491631, 'lat': -20.24494}",MU,1106748,Ebene,-20.24494,57.491631
"{'lon': 39.933334, 'lat': 54.833332}",RU,536840,Laskovo,54.833332,39.933334
"{'lon': 118.066673, 'lat': 27.5}",CN,1788919,Xingtian,27.5,118.066673
"{'lon': 80.52874, 'lat': 29.841209}",NP,1283484,Darchula,29.841209,80.52874
"{'lon': -70.739258, 'lat': 8.982240000000001}",VE,3626237,Timotes,8.982240000000001,-70.739258
"{'lon': 15.12812, 'lat': 50.438251}",CZ,3076918,Dolni Bousov,50.438251,15.12812
"{'lon': -61.58543, 'lat': 16.26738}",GP,3579767,Baie-Mahault,16.26738,-61.58543
"{'lon': 16.16667, 'lat': 48.5}",AT,2778367,Göllersdorf,48.5,16.16667
"{'lon': 110.554512, 'lat': 19.951151}",CN,1913971,Yanfeng,19.951151,110.554512
"{'lon': 12.26667, 'lat': 47.700001}",DE,2959703,Achen,47.700001,12.26667
"{'lon': 11.45, 'lat': 50.950001}",DE,6550242,Hammerstedt,50.950001,11.45
"{'lon': -0.6893900000000001, 'lat': 52.496368}",GB,2652381,Corby,52.496368,-0.6893900000000001
"{'lon': 35.064388, 'lat': 31.65078}",PS,281715,Surif,31.65078,35.064388
"{'lon': -122.852631, 'lat': 49.28297}",CA,6111962,Port Moody,49.28297,-122.852631
"{'lon': -52.300282, 'lat': -27.394171}",BR,3471710,Aratiba,-27.394171,-52.300282
"{'lon': -1.54684, 'lat': 42.8311}",ES,3123595,Elkano,42.8311,-1.54684
"{'lon': 3.23333, 'lat': 50.883331}",BE,2792880,Lendelede,50.883331,3.23333
"{'lon': -7.85438, 'lat': 42.0158}",ES,6359879,Porqueira,42.0158,-7.85438
"{'lon': -70.416672, 'lat': 19.066669}",DO,3493537,Sabana del Puerto,19.066669,-70.416672
"{'lon': 16.38772, 'lat': 48.079029}",AT,7871849,Achau,48.079029,16.38772
"{'lon': 103.842781, 'lat': 52.48444}",RU,6418110,Chetvërtyy Posëlok,52.48444,103.842781
"{'lon': 106.458099, 'lat': -7.2432}",ID,7781233,Sindangasih,-7.2432,106.458099
"{'lon': 3.4576000000000002, 'lat': 43.53944}",FR,2988339,Paulhan,43.53944,3.4576000000000002
"{'lon': 9.4, 'lat': 54.48333}",DE,2930914,Ellingstedt,54.48333,9.4
"{'lon': 115.8871, 'lat': 23.22501}",CN,1919798,Chuanpu,23.22501,115.8871
"{'lon': -3.85921, 'lat': 41.149872}",ES,6360764,Arahuetes,41.149872,-3.85921
"{'lon': 44.75, 'lat': 42.283329}",GE,865541,Mtskheta-Mtianeti,42.283329,44.75
"{'lon': -88.099998, 'lat': 13.7}",SV,3583747,San Francisco,13.7,-88.099998
"{'lon': 13.49125, 'lat': 37.625542}",IT,2523247,Santo Stefano Quisquina,37.625542,13.49125
"{'lon': 11.98333, 'lat': 49.033329}",DE,2928635,Etterzhausen,49.033329,11.98333
"{'lon': -70.226097, 'lat': 8.5931}",VE,3487903,Alto Barinas,8.5931,-70.226097
"{'lon': -105.051086, 'lat': 49.55006}",CA,5961744,Glasnevin,49.55006,-105.051086
"{'lon': 111.965599, 'lat': -8.1491}",ID,7034545,Tunggangri,-8.1491,111.965599
"{'lon': 123.716667, 'lat': 13.1}",PH,1726733,Barayong,13.1,123.716667
"{'lon': 74.966667, 'lat': 15.18333}",IN,1268434,Kalghatgi,15.18333,74.966667
"{'lon': 7.59507, 'lat': 47.093681}",CH,2660864,Ersigen,47.093681,7.59507
"{'lon': -88.45121, 'lat': 43.51722}",US,5275589,Theresa,43.51722,-88.45121
"{'lon': 152.466675, 'lat': -31.450001}",AU,2167519,Ellenborough,-31.450001,152.466675
"{'lon': 20.91667, 'lat': 48}",HU,716796,Onod,48.0,20.91667
"{'lon': -1.50842, 'lat': 41.55558}",ES,6362874,Nigüella,41.55558,-1.50842
"{'lon': 73.823578, 'lat': 30.741791}",PK,1176800,Hujra,30.741791,73.823578
"{'lon': 124.723328, 'lat': 6.67861}",PH,1709707,Kalandagan,6.67861,124.723328
"{'lon': 8.17836, 'lat': 47.589649}",CH,7286303,Leibstadt,47.589649,8.17836
"{'lon': -87.930893, 'lat': 41.6292}",US,4894061,Goodings Grove,41.6292,-87.930893
"{'lon': 111.966499, 'lat': -8.1377}",ID,7034519,Sambidoplang,-8.1377,111.966499
"{'lon': 9.60395, 'lat': 45.649281}",IT,3177650,Dalmine,45.649281,9.60395
"{'lon': -42.033611, 'lat': -20.25806}",BR,3457952,Manhuacu,-20.25806,-42.033611
"{'lon': -4.64287, 'lat': 40.836182}",ES,3106285,Vega de Santa Maria,40.836182,-4.64287
"{'lon': 0.8509300000000001, 'lat': 48.381031}",FR,3023958,Conde-sur-Huisne,48.381031,0.8509300000000001
"{'lon': 15.93333, 'lat': 46.799999}",AT,2775847,Hof bei Straden,46.799999,15.93333
"{'lon': 8.59743, 'lat': 47.302979}",CH,2660872,Erlenbach,47.302979,8.59743
"{'lon': 1.0529, 'lat': 49.406399}",FR,6456448,Le Grand-Quevilly,49.406399,1.0529
"{'lon': 3.3506, 'lat': 45.9828}",FR,6440170,Saint-Denis-Combarnazat,45.9828,3.3506
"{'lon': -114.073341, 'lat': 40.739101}",US,5710035,West Wendover,40.739101,-114.073341
"{'lon': 19.592779, 'lat': 44.791389}",RS,3189859,Stitar,44.791389,19.592779
"{'lon': 77.800003, 'lat': 11.8}",IN,1263101,Mettur,11.8,77.800003
"{'lon': 10.75, 'lat': 46.633331}",IT,3177935,Corzes,46.633331,10.75
"{'lon': 16.0993, 'lat': 38.615681}",IT,2524705,Francica,38.615681,16.0993
"{'lon': 3.13808, 'lat': 46.167568}",FR,3027522,Chalignat,46.167568,3.13808
"{'lon': 32.520931, 'lat': 48.655449}",UA,692317,Subottsi,48.655449,32.520931
"{'lon': 6.66069, 'lat': 58.29705}",NO,3157090,Flekkefjord,58.29705,6.66069
"{'lon': -0.50878, 'lat': 48.551941}",FR,6439119,Juvigny-sous-Andaine,48.551941,-0.50878
"{'lon': -74, 'lat': 10.25}",CO,3689589,Ariguani,10.25,-74.0
"{'lon': 9.04816, 'lat': 44.517448}",IT,3172656,Montoggio,44.517448,9.04816
"{'lon': 104.560204, 'lat': 12.2549}",KH,1826509,Phumĭ Phlov,12.2549,104.560204
"{'lon': 13.25, 'lat': 53.450001}",DE,2953035,Ballwitz,53.450001,13.25
"{'lon': -72.417503, 'lat': 18.73583}",HT,3728964,Cabaret,18.73583,-72.417503
"{'lon': 23.16667, 'lat': 41.433331}",BG,730512,Kavrakirovo,41.433331,23.16667
"{'lon': 19.43293, 'lat': 50.43195}",PL,3087027,Rokitno Szlacheckie,50.43195,19.43293
"{'lon': -119.054268, 'lat': 35.310791}",US,5405867,Venola,35.310791,-119.054268
"{'lon': -2.93925, 'lat': 39.876469}",ES,6357539,Torrubia del Campo,39.876469,-2.93925
"{'lon': -38.353062, 'lat': -11.78444}",BR,3461224,Inhambupe,-11.78444,-38.353062
"{'lon': -6.62698, 'lat': 38.879341}",ES,6355968,Puebla de la Calzada,38.879341,-6.62698
"{'lon': -98.966667, 'lat': 19.35}",MX,3523908,Los Reyes,19.35,-98.966667
"{'lon': 124.42556, 'lat': 7.27722}",PH,1693903,Pigcawayan,7.27722,124.42556
"{'lon': 3.56159, 'lat': 48.732319}",FR,3019549,Esternay,48.732319,3.56159
"{'lon': 10.9, 'lat': 51.76667}",DE,2896933,Huttenrode,51.76667,10.9
"{'lon': -0.41242, 'lat': 43.113731}",FR,6440625,Sévignacq-Meyracq,43.113731,-0.41242
"{'lon': 110.737778, 'lat': -7.55194}",ID,2010985,Kartasura,-7.55194,110.737778
"{'lon': 129.0746, 'lat': 37.2981}",KR,6808346,Chaen-mal,37.2981,129.0746
"{'lon': -9.01686, 'lat': 39.476261}",PT,8012319,Vimeiro,39.476261,-9.01686
"{'lon': 44.75, 'lat': 58.299999}",RU,468418,Yefimovo,58.299999,44.75
"{'lon': 38.813889, 'lat': 41.006939}",TR,738753,Tirebolu,41.006939,38.813889
"{'lon': -43.049438, 'lat': -16.006109}",BR,3451428,Riacho dos Machados,-16.006109,-43.049438
"{'lon': -9.20583, 'lat': 53.34444}",IE,3312236,Drimmavohaun,53.34444,-9.20583
"{'lon': -1.3441100000000001, 'lat': 54.232979}",GB,2636021,Thirsk,54.232979,-1.3441100000000001
"{'lon': -86.29277, 'lat': 36.38644}",US,4629106,Hickory Grove,36.38644,-86.29277
"{'lon': 17.91375, 'lat': 53.916431}",PL,7531592,Karsin,53.916431,17.91375
"{'lon': 3.6053, 'lat': 43.4268}",FR,6432551,Mèze,43.4268,3.6053
"{'lon': 47.751381, 'lat': 53.146832}",RU,517897,Novospasskoye,53.146832,47.751381
"{'lon': -0.31432000000000004, 'lat': 39.178631}",ES,6361990,Fortaleny,39.178631,-0.31432000000000004
"{'lon': 12.48333, 'lat': 47.849998}",DE,2833572,Seethal,47.849998,12.48333
"{'lon': 107.803398, 'lat': -7.3559}",ID,7912022,Padasono,-7.3559,107.803398
"{'lon': -62.83197, 'lat': 46.200111}",CA,6173882,Vernon River,46.200111,-62.83197
"{'lon': 145.566666, 'lat': -36.650002}",AU,2151607,Riggs Creek,-36.650002,145.566666
"{'lon': -81.361504, 'lat': 41.628941}",US,5159809,Kirtland,41.628941,-81.361504
"{'lon': -5.60699, 'lat': 42.655811}",ES,3126406,Carbajal de la Legua,42.655811,-5.60699
"{'lon': 132.777664, 'lat': 33.976608}",JP,1926142,Hojo,33.976608,132.777664
"{'lon': -75.147499, 'lat': 20.084999}",CU,3543939,Platanal,20.084999,-75.147499
"{'lon': -60.181751, 'lat': 46.150139}",CA,6160752,Sydney,46.150139,-60.181751
"{'lon': 16.179171, 'lat': 44.959999}",BA,3193776,Otoka,44.959999,16.179171
"{'lon': -4.21548, 'lat': 40.16935}",ES,3118771,La Torre de Esteban Hambran,40.16935,-4.21548
"{'lon': 88.633331, 'lat': 30.933331}",CN,1280284,Jiajuedibu,30.933331,88.633331
"{'lon': -99.080002, 'lat': 19.908331}",MX,3526928,Hueypoxtla,19.908331,-99.080002
"{'lon': 74.52301, 'lat': 63.789768}",RU,1540711,Muravlenko,63.789768,74.52301
"{'lon': -58.5, 'lat': -27.33333}",AR,3429156,Departamento de San Cosme,-27.33333,-58.5
"{'lon': 11.47453, 'lat': 53.091759}",DE,2878731,Lenzen,53.091759,11.47453
"{'lon': -71.833328, 'lat': -36.616669}",CL,3894406,Coihueco,-36.616669,-71.833328
"{'lon': -7.85178, 'lat': 43.45266}",ES,3112721,Puentes de Garcia Rodriguez,43.45266,-7.85178
"{'lon': 120.867104, 'lat': 16.989799}",PH,1725953,Bauko,16.989799,120.867104
"{'lon': 48.850559, 'lat': 15.57722}",YE,71282,Sah,15.57722,48.850559
"{'lon': -6.79551, 'lat': 40.836262}",ES,3119941,La Bouza,40.836262,-6.79551
"{'lon': -74.012077, 'lat': 40.804272}",US,5101879,North Bergen,40.804272,-74.012077
"{'lon': -5.95284, 'lat': 38.149158}",ES,6355975,Reina,38.149158,-5.95284
"{'lon': 6.25419, 'lat': 46.270439}",FR,2970236,Veigy-Foncenex,46.270439,6.25419
"{'lon': -80.722054, 'lat': 43.979481}",CA,6080782,Mount Forest,43.979481,-80.722054
"{'lon': 35.240299, 'lat': 32.07011}",PS,282997,Al Lubban ash Sharqiyah,32.07011,35.240299
"{'lon': 103.741943, 'lat': 51.752781}",RU,2052082,Angasolka,51.752781,103.741943
"{'lon': 0.6048800000000001, 'lat': 47.021999}",FR,3010530,La Celle-Saint-Avant,47.021999,0.6048800000000001
"{'lon': -64.97847, 'lat': 48.164249}",CA,6943829,Port-Daniel,48.164249,-64.97847
"{'lon': 18.445009, 'lat': 50.728741}",PL,3100342,Dobrodzien,50.728741,18.445009
"{'lon': -97.23333, 'lat': 19.566669}",MX,3521628,Perote,19.566669,-97.23333
"{'lon': -97.599998, 'lat': 17.75}",MX,3517798,San Sebastian Tutla,17.75,-97.599998
"{'lon': 6.555, 'lat': 50.527401}",DE,6553067,Kall,50.527401,6.555
"{'lon': 120.333328, 'lat': 15.88333}",PH,1729600,Bacnar,15.88333,120.333328
"{'lon': 8.88583, 'lat': 49.873329}",DE,2833117,Semd,49.873329,8.88583
"{'lon': 36.051941, 'lat': 49.819721}",UA,701347,Merefa,49.819721,36.051941
"{'lon': 20.5, 'lat': 47.25}",HU,719637,Jász-Nagykun-Szolnok megye,47.25,20.5
"{'lon': -122.446487, 'lat': 45.91011}",US,5785614,Amboy,45.91011,-122.446487
"{'lon': 12.1, 'lat': 49.633301}",DE,6556654,Etzenricht,49.633301,12.1
"{'lon': 114.59964, 'lat': 28.20348}",CN,7690146,Zhendu,28.20348,114.59964
"{'lon': 111.9664, 'lat': -8.1073}",ID,7579695,Sadeng,-8.1073,111.9664
"{'lon': 111.930298, 'lat': -8.0332}",ID,7579520,Tapan,-8.0332,111.930298
"{'lon': -112.468628, 'lat': 54.116871}",CA,6150293,Smoky Lake,54.116871,-112.468628
"{'lon': 113.927002, 'lat': -8.074}",ID,7350829,Rowosari,-8.074,113.927002
"{'lon': 7.70966, 'lat': 48.54446}",FR,6441279,Ostwald,48.54446,7.70966
"{'lon': 36.68639, 'lat': 53.939331}",RU,516197,Odoyev,53.939331,36.68639
"{'lon': 7.97178, 'lat': 48.45158}",DE,2857013,Ortenberg,48.45158,7.97178
"{'lon': -111.718536, 'lat': 54.133469}",CA,6153417,Spedden,54.133469,-111.718536
"{'lon': -73.988602, 'lat': 45.76038}",CA,6137440,Saint-Antoine-des-Laurentides,45.76038,-73.988602
"{'lon': 81.416672, 'lat': 22.23333}",IN,1260556,Pandaria,22.23333,81.416672
"{'lon': 45.250549, 'lat': 32.068981}",IQ,99738,Afak,32.068981,45.250549
"{'lon': 9.25143, 'lat': 48.7267}",DE,2856307,Ostfildern,48.7267,9.25143
"{'lon': -7.90251, 'lat': 41.89296}",PT,8013642,Tourém,41.89296,-7.90251
"{'lon': 143.772842, 'lat': -37.518841}",AU,2177089,Ballarat North,-37.518841,143.772842
"{'lon': 27.73333, 'lat': 43.633331}",BG,864565,Obshtina Dobrich-Selska,43.633331,27.73333
"{'lon': 6.23333, 'lat': 49.98333}",DE,2949915,Berscheid,49.98333,6.23333
"{'lon': -0.9, 'lat': 43.76667}",FR,6433831,Gousse,43.76667,-0.9
"{'lon': -4.94966, 'lat': 41.187832}",ES,3125288,Cervillego de la Cruz,41.187832,-4.94966
"{'lon': 10.95, 'lat': 51.099998}",DE,2846594,Ringleben,51.099998,10.95
"{'lon': 9.76667, 'lat': 54.400002}",DE,2914836,Gross Wittensee,54.400002,9.76667
"{'lon': 20.798599, 'lat': 52.172001}",PL,7531704,Pruszków,52.172001,20.798599
"{'lon': 20.202829, 'lat': 46.802589}",HU,7284900,Szeleveny,46.802589,20.202829
"{'lon': -2.815, 'lat': 42.385571}",ES,3124605,Cordovin,42.385571,-2.815
"{'lon': 112.393997, 'lat': -6.9936}",ID,8140998,Butungan,-6.9936,112.393997
"{'lon': 10.95, 'lat': 59.216671}",NO,3155517,Glemmen,59.216671,10.95
"{'lon': -6.9296500000000005, 'lat': 30.9212}",MA,2529374,Tassoumat,30.9212,-6.9296500000000005
"{'lon': -74.43512, 'lat': 4.9661100000000005}",CO,3668228,Sasaima,4.9661100000000005,-74.43512
"{'lon': 11.97339, 'lat': 46.343121}",IT,6542249,Cencenighe Agordino,46.343121,11.97339
"{'lon': 0.38564000000000004, 'lat': 45.740479}",FR,3006793,La Rochefoucauld,45.740479,0.38564000000000004
"{'lon': 25.096939, 'lat': 58.615829}",EE,588531,Suurejõe,58.615829,25.096939
"{'lon': -111.413239, 'lat': 40.506901}",US,5775699,Heber,40.506901,-111.413239
"{'lon': 7.6539, 'lat': 6.3267}",NG,2350259,Amagunze,6.3267,7.6539
"{'lon': -45.20816, 'lat': -22.794370999999998}",BR,7567165,Vila Molica,-22.794370999999998,-45.20816
"{'lon': 13.92122, 'lat': 48.00388}",AT,2762290,Vorchdorf,48.00388,13.92122
"{'lon': -84.429092, 'lat': 34.467869}",US,4202634,Jasper,34.467869,-84.429092
"{'lon': -4.23348, 'lat': 40.657318}",ES,6355784,Peguerinos,40.657318,-4.23348
"{'lon': -84.083328, 'lat': 9.93333}",CR,3621849,San Jose,9.93333,-84.083328
"{'lon': -7.42532, 'lat': 43.674229}",ES,6355242,Cervo,43.674229,-7.42532
"{'lon': 6.88333, 'lat': 51.316669}",DE,2933070,Eggerscheidt,51.316669,6.88333
"{'lon': 12.3, 'lat': 50.616669}",DE,2849156,Reichenbach/Vogtland,50.616669,12.3
"{'lon': -81.778702, 'lat': 26.339809}",US,4148533,Bonita Springs,26.339809,-81.778702
"{'lon': 7.97534, 'lat': 44.62254}",IT,6535851,Castiglione Falletto,44.62254,7.97534
"{'lon': 6.25, 'lat': 50.216702}",DE,6554546,Großlangenfeld,50.216702,6.25
"{'lon': -1.06667, 'lat': 43.299999}",FR,6440544,Orsanco,43.299999,-1.06667
"{'lon': 15.36667, 'lat': 59.466671}",SE,2713516,Frovi,59.466671,15.36667
"{'lon': 119.178886, 'lat': 32.269169}",CN,1784580,Zhenzhou,32.269169,119.178886
"{'lon': 125.130562, 'lat': 8.08917}",PH,1708038,Laguitas,8.08917,125.130562
"{'lon': -79.969498, 'lat': 40.63007}",US,5191070,Gibsonia,40.63007,-79.969498
"{'lon': 153, 'lat': -30.65}",AU,2155858,Nambucca Heads,-30.65,153.0
"{'lon': 121.162598, 'lat': -8.8234}",ID,7570125,Doya,-8.8234,121.162598
"{'lon': -3.90668, 'lat': 43.11887}",ES,3108433,Tablado,43.11887,-3.90668
"{'lon': -64.349922, 'lat': -33.130669}",AR,3838874,Rio Cuarto,-33.130669,-64.349922
"{'lon': 14.32952, 'lat': 49.940781}",CZ,3076767,Dolní Mokropsy,49.940781,14.32952
"{'lon': -117.566437, 'lat': 33.87529}",US,5339631,Corona,33.87529,-117.566437
"{'lon': 26.200001, 'lat': 45.23333}",RO,682695,Carbunesti,45.23333,26.200001
"{'lon': -99.166672, 'lat': 19.466669}",MX,3528941,El Gas,19.466669,-99.166672
"{'lon': -0.19278, 'lat': 51.457218}",GB,2634812,Wandsworth,51.457218,-0.19278
"{'lon': 124.091904, 'lat': 9.9144}",PH,1691137,Sagbayan,9.9144,124.091904
"{'lon': -120.821732, 'lat': 45.820679}",US,5795741,Goldendale,45.820679,-120.821732
"{'lon': -113.918793, 'lat': 54.350151}",CA,5935060,Dapp,54.350151,-113.918793
"{'lon': 4.66028, 'lat': 43.805828}",FR,2973393,Tarascon,43.805828,4.66028
"{'lon': 0.11054000000000001, 'lat': 48.027061}",FR,2972064,Trange,48.027061,0.11054000000000001
"{'lon': -83.233276, 'lat': 43.133362}",US,4998845,Lapeer County,43.133362,-83.233276
"{'lon': -0.15, 'lat': 43.366669}",FR,2999892,Lespourcy,43.366669,-0.15
"{'lon': 7.35, 'lat': 50.48333}",DE,2911073,Hammerstein,50.48333,7.35
"{'lon': 113.187103, 'lat': -8.168}",ID,7375697,Suko Dua,-8.168,113.187103
"{'lon': 10.4452, 'lat': 44.05735}",IT,3176378,Gallicano,44.05735,10.4452
"{'lon': -45.375278, 'lat': -22.30806}",BR,3457752,Maria da Fé,-22.30806,-45.375278
"{'lon': -2.05506, 'lat': 37.48069}",ES,6355601,Taberno,37.48069,-2.05506
"{'lon': 19.982571, 'lat': 48.03809}",HU,3048291,Matranovak,48.03809,19.982571
"{'lon': -5.15892, 'lat': 42.167931}",ES,3127221,Cabezon de Valderaduey,42.167931,-5.15892
"{'lon': -3.90733, 'lat': 40.62265}",ES,3120605,Hoyo de Manzanares,40.62265,-3.90733
"{'lon': 27.23333, 'lat': 46.849998}",RO,685934,Bacesti,46.849998,27.23333
"{'lon': 69.013542, 'lat': 38.55632}",TJ,1220855,Vahdat,38.55632,69.013542
"{'lon': 9.60154, 'lat': 46.609241}",CH,2661131,Cunter,46.609241,9.60154
"{'lon': 103.300003, 'lat': 16.65}",TH,1595679,Nong Kung Si,16.65,103.300003
"{'lon': 8.93333, 'lat': 47.883331}",DE,2913848,Guggenhausen,47.883331,8.93333
"{'lon': 10.46667, 'lat': 53.466671}",DE,2886278,Kollow,53.466671,10.46667
"{'lon': 1.4195, 'lat': 46.888771}",FR,3029345,Buzancais,46.888771,1.4195
"{'lon': 8.45218, 'lat': 47.273239}",CH,6290373,Affoltern / Hasenbueel,47.273239,8.45218
"{'lon': 10.6333, 'lat': 52.633301}",DE,6552321,Schönewörde,52.633301,10.6333
"{'lon': 35.433334, 'lat': 45.099998}",UA,712427,Berehove,45.099998,35.433334
"{'lon': 7.84112, 'lat': 45.38446}",IT,3166959,Scarmagno,45.38446,7.84112
"{'lon': 116.05336, 'lat': 29.543329}",CN,1809084,Haihui,29.543329,116.05336
"{'lon': 9.61355, 'lat': 53.431702}",DE,6552782,Apensen,53.431702,9.61355
"{'lon': -52.091671, 'lat': -32.033329}",BR,3473817,Porto Velho,-32.033329,-52.091671
"{'lon': 12.18333, 'lat': 53.98333}",DE,2887729,Klingendorf,53.98333,12.18333
"{'lon': -40.407501, 'lat': -14.97667}",BR,3468689,Caatiba,-14.97667,-40.407501
"{'lon': 12.73333, 'lat': 51.366669}",DE,2805597,Wurzen,51.366669,12.73333
"{'lon': 10.06299, 'lat': 56.266079}",DK,2620288,Hinnerup,56.266079,10.06299
"{'lon': 10.55, 'lat': 50.01667}",DE,2954167,Augsfeld,50.01667,10.55
"{'lon': 79.599998, 'lat': 22.6}",IN,1265233,Lakhnadon,22.6,79.599998
"{'lon': 14.06942, 'lat': 41.716831}",IT,3172817,Montenero Val Cocchiara,41.716831,14.06942
"{'lon': 174.5, 'lat': -36.549999}",NZ,2187942,Makarau,-36.549999,174.5
"{'lon': -1.2436500000000001, 'lat': 43.162209}",FR,2971392,Uhart-Cize,43.162209,-1.2436500000000001
"{'lon': -2.32116, 'lat': 42.334141}",ES,3119618,Lagunilla del Jubera,42.334141,-2.32116
"{'lon': -87.866669, 'lat': 14.55}",HN,3603343,Potrerillos,14.55,-87.866669
"{'lon': 132.821106, 'lat': 44.597778}",RU,2016187,Spassk-Dalniy,44.597778,132.821106
"{'lon': -88.078979, 'lat': 43.043072}",US,5251784,Elm Grove,43.043072,-88.078979
"{'lon': -98.175362, 'lat': 43.666649}",US,5227222,Davison County,43.666649,-98.175362
"{'lon': 5.34174, 'lat': 50.209148}",BE,2784211,Waha,50.209148,5.34174
"{'lon': 15.5488, 'lat': 51.321499}",PL,7532649,Bolesławiec,51.321499,15.5488
"{'lon': 8.16264, 'lat': 46.810268}",CH,2661317,Bürglen,46.810268,8.16264
"{'lon': -2.99724, 'lat': 39.842209}",ES,2516641,Horcajo de Santiago,39.842209,-2.99724
"{'lon': 12.44167, 'lat': 51.331791}",DE,2870074,Mölkau,51.331791,12.44167
"{'lon': -0.73333, 'lat': 48.76437}",FR,2972555,Tinchebray,48.76437,-0.73333
"{'lon': 24.4, 'lat': 52.533333}",BY,622096,Shani,52.533333,24.4
"{'lon': 139.255554, 'lat': 35.41806}",JP,1907255,Koyasu,35.41806,139.255554
"{'lon': 150.966675, 'lat': -33.816669}",AU,2144122,Wentworthville,-33.816669,150.966675
"{'lon': -73.066208, 'lat': 42.696468}",US,4955112,West Summit,42.696468,-73.066208
"{'lon': 7.9, 'lat': 50.5}",DE,6554243,Meudt,50.5,7.9
"{'lon': -14.01379, 'lat': 28.423071}",ES,2521706,Antigua,28.423071,-14.01379
"{'lon': -6.96583, 'lat': 53.358608}",IE,2965780,Carbury,53.358608,-6.96583
"{'lon': -93.56797, 'lat': 36.364792}",US,4101309,Berryville,36.364792,-93.56797
"{'lon': 12.28441, 'lat': 45.683601}",IT,6538293,Carbonera,45.683601,12.28441
"{'lon': 153.19198599999999, 'lat': -28.12145}",AU,2176433,Beechmont,-28.12145,153.19198599999999
"{'lon': 13.42701, 'lat': 48.13562}",AT,2761976,Waldzell,48.13562,13.42701
"{'lon': 11.25566, 'lat': 49.630001}",DE,6556795,Weißenohe,49.630001,11.25566
"{'lon': 32.863369, 'lat': 39.923882}",TR,7927370,Kolej,39.923882,32.863369
"{'lon': -70.875816, 'lat': 19.56378}",DO,3491948,Villa Bisono,19.56378,-70.875816
"{'lon': 23.200001, 'lat': 44.866669}",RO,678427,Farcasesti,44.866669,23.200001
"{'lon': 14.53402, 'lat': 56.277302}",SE,2687062,Olofstroem,56.277302,14.53402
"{'lon': -70.304169, 'lat': -18.475}",CL,3899361,Arica,-18.475,-70.304169
"{'lon': 9.06667, 'lat': 54.849998}",DE,6551537,Bramstedtlund,54.849998,9.06667
"{'lon': 20.69112, 'lat': 52.031689}",PL,754386,Zabia Wola,52.031689,20.69112
"{'lon': -77.976257, 'lat': 18.23731}",JM,3490758,Darliston,18.23731,-77.976257
"{'lon': -85.419151, 'lat': 41.799221}",US,5011428,Sturgis,41.799221,-85.419151
"{'lon': 11.35722, 'lat': 49.387501}",DE,2958024,Altdorf,49.387501,11.35722
"{'lon': -6.0126, 'lat': 39.770679}",ES,2510293,Torrejon el Rubio,39.770679,-6.0126
"{'lon': 118.613297, 'lat': -8.5052}",ID,7585456,Tolomango,-8.5052,118.613297
"{'lon': 11.18333, 'lat': 51.900002}",DE,2959465,Adersleben,51.900002,11.18333
"{'lon': 0.97594, 'lat': 41.650982}",ES,6358822,Castellnou de Seana,41.650982,0.97594
"{'lon': -93.62661, 'lat': 42.006931}",US,4869880,Old Orchard Mobile Home Park,42.006931,-93.62661
"{'lon': 14.21963, 'lat': 40.98291}",IT,6535626,Carinaro,40.98291,14.21963
"{'lon': -37.166672, 'lat': -11.15}",BR,3470819,Barra,-11.15,-37.166672
"{'lon': -95.31691000000001, 'lat': 36.30843}",US,4548516,Pryor,36.30843,-95.31691000000001
"{'lon': 3.6853, 'lat': 43.461399}",FR,3035267,Balaruc-le-Vieux,43.461399,3.6853
"{'lon': 15.05785, 'lat': 40.614208}",IT,6541807,Eboli,40.614208,15.05785
"{'lon': -76.130333, 'lat': -13.4511}",PE,3932589,Pedregal,-13.4511,-76.130333
"{'lon': -78.686111, 'lat': 36.122372}",US,4462446,Creedmoor,36.122372,-78.686111
"{'lon': 8.74479, 'lat': 47.681049}",CH,7285651,Diessenhofen,47.681049,8.74479
"{'lon': -40.616669, 'lat': -9.4}",BR,3386657,Tapuio,-9.4,-40.616669
"{'lon': 91.23333, 'lat': 23.9}",BD,1193239,Nārāyanpur,23.9,91.23333
"{'lon': 43.5, 'lat': 56.75}",RU,501422,Romanovo,56.75,43.5
"{'lon': 24.683331, 'lat': 35.099998}",GR,264260,Ayia Galini,35.099998,24.683331
"{'lon': -1.315, 'lat': 34.87833}",DZ,2475687,Tlemcen,34.87833,-1.315
"{'lon': 11.87523, 'lat': 44.29147}",IT,6540434,Faenza,44.29147,11.87523
"{'lon': 108.126404, 'lat': -7.2966}",ID,8023579,Kubangeceng,-7.2966,108.126404
"{'lon': 6.38413, 'lat': 46.686081}",CH,7287420,Vaulion,46.686081,6.38413
"{'lon': -3.00742, 'lat': 38.168419}",ES,2509555,Villanueva del Arzobispo,38.168419,-3.00742
"{'lon': 18.832541, 'lat': 52.541779}",PL,3092818,Lubraniec,52.541779,18.832541
"{'lon': 8.01444, 'lat': 49.8675}",DE,2841574,Sankt Johann,49.8675,8.01444
"{'lon': 16.54528, 'lat': 41.13113}",IT,6541258,Terlizzi,41.13113,16.54528
"{'lon': -1.04196, 'lat': 38.401642}",ES,2512510,Pinoso,38.401642,-1.04196
